"task_id","scenario_id","label","rep_id","confounding","identifiability","n_e","p","s0","n_env","model","alpha","q_fdr","k_norm","sigma_y_true","mu_min_sv","mu_condition","bgi_seconds","bgi_divergent","bgi_max_rhat","bgi_min_ess","cov_condition_max","cov_condition_target","cov_shrinkage_max","bgi_gamma_coverage","bgi_gamma_coverage_parents","bgi_gamma_coverage_nulls","bgi_gamma_rmse","ols_gamma_rmse","pooled_gi_gamma_rmse","iv_gamma_rmse","group_dro_gamma_rmse","vrex_gamma_rmse","wass_dro_gamma_rmse","anchor_g8_gamma_rmse","anchor_oracle_gamma_rmse","anchor_oracle_gamma_anchor","iv_pred_coverage","iv_pred_width","anchor_oracle_pred_coverage","anchor_oracle_pred_width","bgi_pred_coverage","bgi_pred_width","bgi_pred_rmse","ols_pred_coverage","ols_pred_width","pooled_gi_pred_coverage","pooled_gi_pred_width","bgi_pred_coverage","bgi_pred_width","bgi_pred_is","bgi_pred_rmse","ols_pred_coverage","ols_pred_width","ols_pred_is","ols_pred_rmse","pooled_gi_pred_coverage","pooled_gi_pred_width","pooled_gi_pred_is","pooled_gi_pred_rmse","iv_pred_coverage","iv_pred_width","iv_pred_is","iv_pred_rmse","anchor_g8_pred_coverage","anchor_g8_pred_width","anchor_g8_pred_is","anchor_g8_pred_rmse","anchor_oracle_pred_coverage","anchor_oracle_pred_width","anchor_oracle_pred_is","anchor_oracle_pred_rmse","group_dro_pred_coverage","group_dro_pred_width","group_dro_pred_is","group_dro_pred_rmse","vrex_pred_coverage","vrex_pred_width","vrex_pred_is","vrex_pred_rmse","wass_dro_pred_coverage","wass_dro_pred_width","wass_dro_pred_is","wass_dro_pred_rmse","n_selected","tp","fp","fn","tn","tpr","fpr","fdp","fwer","exact_recovery","jaccard","mcc","method","sign_error","posterior_esr"
25,3,"conf0_weak_n200",5,0,"weak",200,6,3,7,"gi_hd_slope",0.05,0.1,0,1,0.032980265225505,41.6964130427917,130.762974262238,3,1.00402918464976,1049.78052820096,19.6615226935882,8.97070596354149,1,1,1,1,0.177568029438096,0.0274764223333476,0.188113671530365,0.188113671536487,0.033248600339417,0.0204838476319199,0.137564752718834,0.0352453130080128,0.0292898785581378,2,0.916,4.94364837465384,0.942,3.89648058227289,0.98,4.88551902034576,1.01492646106907,0.942,3.91560231229951,0.912,3.89997055909071,0.98,4.88551902034576,5.11419240676709,1.01492646106907,0.942,3.91560231229951,4.64651356224675,0.996293314077462,0.912,3.89997055909071,5.16744604595544,1.09866214274034,0.916,4.94364837465384,6.96976194680259,1.43543834147375,0.942,3.89797168585076,4.67838338525596,1.00239195543429,0.942,3.89648058227289,4.65382267408857,0.997429036834772,0.95,3.9507997779975,4.64785177173143,1.00204559347543,0.944,3.89757175424777,4.62975099595089,0.994580776898585,0.952,4.03988696801217,4.88487289516731,1.02230969991601,3,3,0,0,3,1,0,0,0,1,1,1,"bgi_sign",0,0.00383333333333333
25,3,"conf0_weak_n200",5,0,"weak",200,6,3,7,"gi_hd_slope",0.05,0.1,0,1,0.032980265225505,41.6964130427917,130.762974262238,3,1.00402918464976,1049.78052820096,19.6615226935882,8.97070596354149,1,1,1,1,0.177568029438096,0.0274764223333476,0.188113671530365,0.188113671536487,0.033248600339417,0.0204838476319199,0.137564752718834,0.0352453130080128,0.0292898785581378,2,0.916,4.94364837465384,0.942,3.89648058227289,0.98,4.88551902034576,1.01492646106907,0.942,3.91560231229951,0.912,3.89997055909071,0.98,4.88551902034576,5.11419240676709,1.01492646106907,0.942,3.91560231229951,4.64651356224675,0.996293314077462,0.912,3.89997055909071,5.16744604595544,1.09866214274034,0.916,4.94364837465384,6.96976194680259,1.43543834147375,0.942,3.89797168585076,4.67838338525596,1.00239195543429,0.942,3.89648058227289,4.65382267408857,0.997429036834772,0.95,3.9507997779975,4.64785177173143,1.00204559347543,0.944,3.89757175424777,4.62975099595089,0.994580776898585,0.952,4.03988696801217,4.88487289516731,1.02230969991601,3,3,0,0,3,1,0,0,0,1,1,1,"bgi_ci",0,0.00383333333333333
25,3,"conf0_weak_n200",5,0,"weak",200,6,3,7,"gi_hd_slope",0.05,0.1,0,1,0.032980265225505,41.6964130427917,130.762974262238,3,1.00402918464976,1049.78052820096,19.6615226935882,8.97070596354149,1,1,1,1,0.177568029438096,0.0274764223333476,0.188113671530365,0.188113671536487,0.033248600339417,0.0204838476319199,0.137564752718834,0.0352453130080128,0.0292898785581378,2,0.916,4.94364837465384,0.942,3.89648058227289,0.98,4.88551902034576,1.01492646106907,0.942,3.91560231229951,0.912,3.89997055909071,0.98,4.88551902034576,5.11419240676709,1.01492646106907,0.942,3.91560231229951,4.64651356224675,0.996293314077462,0.912,3.89997055909071,5.16744604595544,1.09866214274034,0.916,4.94364837465384,6.96976194680259,1.43543834147375,0.942,3.89797168585076,4.67838338525596,1.00239195543429,0.942,3.89648058227289,4.65382267408857,0.997429036834772,0.95,3.9507997779975,4.64785177173143,1.00204559347543,0.944,3.89757175424777,4.62975099595089,0.994580776898585,0.952,4.03988696801217,4.88487289516731,1.02230969991601,4,3,1,0,2,1,0.333333333333333,0.25,1,0,0.75,0.707106781186548,"bgi_fdr",0,0.0791875
25,3,"conf0_weak_n200",5,0,"weak",200,6,3,7,"gi_hd_slope",0.05,0.1,0,1,0.032980265225505,41.6964130427917,130.762974262238,3,1.00402918464976,1049.78052820096,19.6615226935882,8.97070596354149,1,1,1,1,0.177568029438096,0.0274764223333476,0.188113671530365,0.188113671536487,0.033248600339417,0.0204838476319199,0.137564752718834,0.0352453130080128,0.0292898785581378,2,0.916,4.94364837465384,0.942,3.89648058227289,0.98,4.88551902034576,1.01492646106907,0.942,3.91560231229951,0.912,3.89997055909071,0.98,4.88551902034576,5.11419240676709,1.01492646106907,0.942,3.91560231229951,4.64651356224675,0.996293314077462,0.912,3.89997055909071,5.16744604595544,1.09866214274034,0.916,4.94364837465384,6.96976194680259,1.43543834147375,0.942,3.89797168585076,4.67838338525596,1.00239195543429,0.942,3.89648058227289,4.65382267408857,0.997429036834772,0.95,3.9507997779975,4.64785177173143,1.00204559347543,0.944,3.89757175424777,4.62975099595089,0.994580776898585,0.952,4.03988696801217,4.88487289516731,1.02230969991601,3,3,0,0,3,1,0,0,0,1,1,1,"bgi_rope",0,0.00383333333333333
25,3,"conf0_weak_n200",5,0,"weak",200,6,3,7,"gi_hd_slope",0.05,0.1,0,1,0.032980265225505,41.6964130427917,130.762974262238,3,1.00402918464976,1049.78052820096,19.6615226935882,8.97070596354149,1,1,1,1,0.177568029438096,0.0274764223333476,0.188113671530365,0.188113671536487,0.033248600339417,0.0204838476319199,0.137564752718834,0.0352453130080128,0.0292898785581378,2,0.916,4.94364837465384,0.942,3.89648058227289,0.98,4.88551902034576,1.01492646106907,0.942,3.91560231229951,0.912,3.89997055909071,0.98,4.88551902034576,5.11419240676709,1.01492646106907,0.942,3.91560231229951,4.64651356224675,0.996293314077462,0.912,3.89997055909071,5.16744604595544,1.09866214274034,0.916,4.94364837465384,6.96976194680259,1.43543834147375,0.942,3.89797168585076,4.67838338525596,1.00239195543429,0.942,3.89648058227289,4.65382267408857,0.997429036834772,0.95,3.9507997779975,4.64785177173143,1.00204559347543,0.944,3.89757175424777,4.62975099595089,0.994580776898585,0.952,4.03988696801217,4.88487289516731,1.02230969991601,3,3,0,0,3,1,0,0,0,1,1,1,"ols",0,NA
25,3,"conf0_weak_n200",5,0,"weak",200,6,3,7,"gi_hd_slope",0.05,0.1,0,1,0.032980265225505,41.6964130427917,130.762974262238,3,1.00402918464976,1049.78052820096,19.6615226935882,8.97070596354149,1,1,1,1,0.177568029438096,0.0274764223333476,0.188113671530365,0.188113671536487,0.033248600339417,0.0204838476319199,0.137564752718834,0.0352453130080128,0.0292898785581378,2,0.916,4.94364837465384,0.942,3.89648058227289,0.98,4.88551902034576,1.01492646106907,0.942,3.91560231229951,0.912,3.89997055909071,0.98,4.88551902034576,5.11419240676709,1.01492646106907,0.942,3.91560231229951,4.64651356224675,0.996293314077462,0.912,3.89997055909071,5.16744604595544,1.09866214274034,0.916,4.94364837465384,6.96976194680259,1.43543834147375,0.942,3.89797168585076,4.67838338525596,1.00239195543429,0.942,3.89648058227289,4.65382267408857,0.997429036834772,0.95,3.9507997779975,4.64785177173143,1.00204559347543,0.944,3.89757175424777,4.62975099595089,0.994580776898585,0.952,4.03988696801217,4.88487289516731,1.02230969991601,3,3,0,0,3,1,0,0,0,1,1,1,"ols_bh",0,NA
25,3,"conf0_weak_n200",5,0,"weak",200,6,3,7,"gi_hd_slope",0.05,0.1,0,1,0.032980265225505,41.6964130427917,130.762974262238,3,1.00402918464976,1049.78052820096,19.6615226935882,8.97070596354149,1,1,1,1,0.177568029438096,0.0274764223333476,0.188113671530365,0.188113671536487,0.033248600339417,0.0204838476319199,0.137564752718834,0.0352453130080128,0.0292898785581378,2,0.916,4.94364837465384,0.942,3.89648058227289,0.98,4.88551902034576,1.01492646106907,0.942,3.91560231229951,0.912,3.89997055909071,0.98,4.88551902034576,5.11419240676709,1.01492646106907,0.942,3.91560231229951,4.64651356224675,0.996293314077462,0.912,3.89997055909071,5.16744604595544,1.09866214274034,0.916,4.94364837465384,6.96976194680259,1.43543834147375,0.942,3.89797168585076,4.67838338525596,1.00239195543429,0.942,3.89648058227289,4.65382267408857,0.997429036834772,0.95,3.9507997779975,4.64785177173143,1.00204559347543,0.944,3.89757175424777,4.62975099595089,0.994580776898585,0.952,4.03988696801217,4.88487289516731,1.02230969991601,1,1,0,2,3,0.333333333333333,0,0,0,0,0.333333333333333,0.447213595499958,"pooled_gi",0,NA
25,3,"conf0_weak_n200",5,0,"weak",200,6,3,7,"gi_hd_slope",0.05,0.1,0,1,0.032980265225505,41.6964130427917,130.762974262238,3,1.00402918464976,1049.78052820096,19.6615226935882,8.97070596354149,1,1,1,1,0.177568029438096,0.0274764223333476,0.188113671530365,0.188113671536487,0.033248600339417,0.0204838476319199,0.137564752718834,0.0352453130080128,0.0292898785581378,2,0.916,4.94364837465384,0.942,3.89648058227289,0.98,4.88551902034576,1.01492646106907,0.942,3.91560231229951,0.912,3.89997055909071,0.98,4.88551902034576,5.11419240676709,1.01492646106907,0.942,3.91560231229951,4.64651356224675,0.996293314077462,0.912,3.89997055909071,5.16744604595544,1.09866214274034,0.916,4.94364837465384,6.96976194680259,1.43543834147375,0.942,3.89797168585076,4.67838338525596,1.00239195543429,0.942,3.89648058227289,4.65382267408857,0.997429036834772,0.95,3.9507997779975,4.64785177173143,1.00204559347543,0.944,3.89757175424777,4.62975099595089,0.994580776898585,0.952,4.03988696801217,4.88487289516731,1.02230969991601,1,1,0,2,3,0.333333333333333,0,0,0,0,0.333333333333333,0.447213595499958,"pooled_gi_bh",0,NA
25,3,"conf0_weak_n200",5,0,"weak",200,6,3,7,"gi_hd_slope",0.05,0.1,0,1,0.032980265225505,41.6964130427917,130.762974262238,3,1.00402918464976,1049.78052820096,19.6615226935882,8.97070596354149,1,1,1,1,0.177568029438096,0.0274764223333476,0.188113671530365,0.188113671536487,0.033248600339417,0.0204838476319199,0.137564752718834,0.0352453130080128,0.0292898785581378,2,0.916,4.94364837465384,0.942,3.89648058227289,0.98,4.88551902034576,1.01492646106907,0.942,3.91560231229951,0.912,3.89997055909071,0.98,4.88551902034576,5.11419240676709,1.01492646106907,0.942,3.91560231229951,4.64651356224675,0.996293314077462,0.912,3.89997055909071,5.16744604595544,1.09866214274034,0.916,4.94364837465384,6.96976194680259,1.43543834147375,0.942,3.89797168585076,4.67838338525596,1.00239195543429,0.942,3.89648058227289,4.65382267408857,0.997429036834772,0.95,3.9507997779975,4.64785177173143,1.00204559347543,0.944,3.89757175424777,4.62975099595089,0.994580776898585,0.952,4.03988696801217,4.88487289516731,1.02230969991601,3,3,0,0,3,1,0,0,0,1,1,1,"icp",0,NA
25,3,"conf0_weak_n200",5,0,"weak",200,6,3,7,"gi_hd_slope",0.05,0.1,0,1,0.032980265225505,41.6964130427917,130.762974262238,3,1.00402918464976,1049.78052820096,19.6615226935882,8.97070596354149,1,1,1,1,0.177568029438096,0.0274764223333476,0.188113671530365,0.188113671536487,0.033248600339417,0.0204838476319199,0.137564752718834,0.0352453130080128,0.0292898785581378,2,0.916,4.94364837465384,0.942,3.89648058227289,0.98,4.88551902034576,1.01492646106907,0.942,3.91560231229951,0.912,3.89997055909071,0.98,4.88551902034576,5.11419240676709,1.01492646106907,0.942,3.91560231229951,4.64651356224675,0.996293314077462,0.912,3.89997055909071,5.16744604595544,1.09866214274034,0.916,4.94364837465384,6.96976194680259,1.43543834147375,0.942,3.89797168585076,4.67838338525596,1.00239195543429,0.942,3.89648058227289,4.65382267408857,0.997429036834772,0.95,3.9507997779975,4.64785177173143,1.00204559347543,0.944,3.89757175424777,4.62975099595089,0.994580776898585,0.952,4.03988696801217,4.88487289516731,1.02230969991601,1,1,0,2,3,0.333333333333333,0,0,0,0,0.333333333333333,0.447213595499958,"iv",0,NA
25,3,"conf0_weak_n200",5,0,"weak",200,6,3,7,"gi_hd_slope",0.05,0.1,0,1,0.032980265225505,41.6964130427917,130.762974262238,3,1.00402918464976,1049.78052820096,19.6615226935882,8.97070596354149,1,1,1,1,0.177568029438096,0.0274764223333476,0.188113671530365,0.188113671536487,0.033248600339417,0.0204838476319199,0.137564752718834,0.0352453130080128,0.0292898785581378,2,0.916,4.94364837465384,0.942,3.89648058227289,0.98,4.88551902034576,1.01492646106907,0.942,3.91560231229951,0.912,3.89997055909071,0.98,4.88551902034576,5.11419240676709,1.01492646106907,0.942,3.91560231229951,4.64651356224675,0.996293314077462,0.912,3.89997055909071,5.16744604595544,1.09866214274034,0.916,4.94364837465384,6.96976194680259,1.43543834147375,0.942,3.89797168585076,4.67838338525596,1.00239195543429,0.942,3.89648058227289,4.65382267408857,0.997429036834772,0.95,3.9507997779975,4.64785177173143,1.00204559347543,0.944,3.89757175424777,4.62975099595089,0.994580776898585,0.952,4.03988696801217,4.88487289516731,1.02230969991601,3,3,0,0,3,1,0,0,0,1,1,1,"anchor_g2",0,NA
25,3,"conf0_weak_n200",5,0,"weak",200,6,3,7,"gi_hd_slope",0.05,0.1,0,1,0.032980265225505,41.6964130427917,130.762974262238,3,1.00402918464976,1049.78052820096,19.6615226935882,8.97070596354149,1,1,1,1,0.177568029438096,0.0274764223333476,0.188113671530365,0.188113671536487,0.033248600339417,0.0204838476319199,0.137564752718834,0.0352453130080128,0.0292898785581378,2,0.916,4.94364837465384,0.942,3.89648058227289,0.98,4.88551902034576,1.01492646106907,0.942,3.91560231229951,0.912,3.89997055909071,0.98,4.88551902034576,5.11419240676709,1.01492646106907,0.942,3.91560231229951,4.64651356224675,0.996293314077462,0.912,3.89997055909071,5.16744604595544,1.09866214274034,0.916,4.94364837465384,6.96976194680259,1.43543834147375,0.942,3.89797168585076,4.67838338525596,1.00239195543429,0.942,3.89648058227289,4.65382267408857,0.997429036834772,0.95,3.9507997779975,4.64785177173143,1.00204559347543,0.944,3.89757175424777,4.62975099595089,0.994580776898585,0.952,4.03988696801217,4.88487289516731,1.02230969991601,4,3,1,0,2,1,0.333333333333333,0.25,1,0,0.75,0.707106781186548,"anchor_g8",0,NA
25,3,"conf0_weak_n200",5,0,"weak",200,6,3,7,"gi_hd_slope",0.05,0.1,0,1,0.032980265225505,41.6964130427917,130.762974262238,3,1.00402918464976,1049.78052820096,19.6615226935882,8.97070596354149,1,1,1,1,0.177568029438096,0.0274764223333476,0.188113671530365,0.188113671536487,0.033248600339417,0.0204838476319199,0.137564752718834,0.0352453130080128,0.0292898785581378,2,0.916,4.94364837465384,0.942,3.89648058227289,0.98,4.88551902034576,1.01492646106907,0.942,3.91560231229951,0.912,3.89997055909071,0.98,4.88551902034576,5.11419240676709,1.01492646106907,0.942,3.91560231229951,4.64651356224675,0.996293314077462,0.912,3.89997055909071,5.16744604595544,1.09866214274034,0.916,4.94364837465384,6.96976194680259,1.43543834147375,0.942,3.89797168585076,4.67838338525596,1.00239195543429,0.942,3.89648058227289,4.65382267408857,0.997429036834772,0.95,3.9507997779975,4.64785177173143,1.00204559347543,0.944,3.89757175424777,4.62975099595089,0.994580776898585,0.952,4.03988696801217,4.88487289516731,1.02230969991601,5,3,2,0,1,1,0.666666666666667,0.4,1,0,0.6,0.447213595499958,"anchor_g32",0,NA
25,3,"conf0_weak_n200",5,0,"weak",200,6,3,7,"gi_hd_slope",0.05,0.1,0,1,0.032980265225505,41.6964130427917,130.762974262238,3,1.00402918464976,1049.78052820096,19.6615226935882,8.97070596354149,1,1,1,1,0.177568029438096,0.0274764223333476,0.188113671530365,0.188113671536487,0.033248600339417,0.0204838476319199,0.137564752718834,0.0352453130080128,0.0292898785581378,2,0.916,4.94364837465384,0.942,3.89648058227289,0.98,4.88551902034576,1.01492646106907,0.942,3.91560231229951,0.912,3.89997055909071,0.98,4.88551902034576,5.11419240676709,1.01492646106907,0.942,3.91560231229951,4.64651356224675,0.996293314077462,0.912,3.89997055909071,5.16744604595544,1.09866214274034,0.916,4.94364837465384,6.96976194680259,1.43543834147375,0.942,3.89797168585076,4.67838338525596,1.00239195543429,0.942,3.89648058227289,4.65382267408857,0.997429036834772,0.95,3.9507997779975,4.64785177173143,1.00204559347543,0.944,3.89757175424777,4.62975099595089,0.994580776898585,0.952,4.03988696801217,4.88487289516731,1.02230969991601,3,3,0,0,3,1,0,0,0,1,1,1,"anchor_oracle",0,NA
25,3,"conf0_weak_n200",5,0,"weak",200,6,3,7,"gi_hd_slope",0.05,0.1,0,1,0.032980265225505,41.6964130427917,130.762974262238,3,1.00402918464976,1049.78052820096,19.6615226935882,8.97070596354149,1,1,1,1,0.177568029438096,0.0274764223333476,0.188113671530365,0.188113671536487,0.033248600339417,0.0204838476319199,0.137564752718834,0.0352453130080128,0.0292898785581378,2,0.916,4.94364837465384,0.942,3.89648058227289,0.98,4.88551902034576,1.01492646106907,0.942,3.91560231229951,0.912,3.89997055909071,0.98,4.88551902034576,5.11419240676709,1.01492646106907,0.942,3.91560231229951,4.64651356224675,0.996293314077462,0.912,3.89997055909071,5.16744604595544,1.09866214274034,0.916,4.94364837465384,6.96976194680259,1.43543834147375,0.942,3.89797168585076,4.67838338525596,1.00239195543429,0.942,3.89648058227289,4.65382267408857,0.997429036834772,0.95,3.9507997779975,4.64785177173143,1.00204559347543,0.944,3.89757175424777,4.62975099595089,0.994580776898585,0.952,4.03988696801217,4.88487289516731,1.02230969991601,4,3,1,0,2,1,0.333333333333333,0.25,1,0,0.75,0.707106781186548,"group_dro",0,NA
