"scenario_id","label","confounding","identifiability","n_e","p","s0","n_env","method","tpr","fpr","fdp","fwer","exact_recovery","jaccard","mcc","n_selected","sign_error","n_rep","tpr_se","fdp_se","fwer_se"
1,"conf0_strong_n200",0,"strong",200,6,3,7,"bgi_ci",1,0.0666666666666666,0.05,0.2,0.8,0.95,0.94142135623731,3.2,0,10,0,0.0333333333333333,0.133333333333333
1,"conf0_strong_n200",0,"strong",200,6,3,7,"bgi_fdr",1,0.7,0.4,1,0,0.6,0.365028153987289,5.1,0,10,0,0.0288675134594813,0
1,"conf0_strong_n200",0,"strong",200,6,3,7,"bgi_sign",1,0.133333333333333,0.1,0.4,0.6,0.9,0.882842712474619,3.4,0,10,0,0.0408248290463863,0.163299316185545
1,"conf0_strong_n200",0,"strong",200,6,3,7,"icp",1,0,0,0,1,1,1,3,0,10,0,0,0
1,"conf0_strong_n200",0,"strong",200,6,3,7,"ols",1,0.0333333333333333,0.025,0.1,0.9,0.975,0.970710678118655,3.1,0,10,0,0.025,0.1
1,"conf0_strong_n200",0,"strong",200,6,3,7,"ols_bh",1,0.0666666666666666,0.05,0.2,0.8,0.95,0.94142135623731,3.2,0,10,0,0.0333333333333333,0.133333333333333
1,"conf0_strong_n200",0,"strong",200,6,3,7,"pooled_gi",1,0,0,0,1,1,1,3,0,10,0,0,0
1,"conf0_strong_n200",0,"strong",200,6,3,7,"pooled_gi_bh",1,0,0,0,1,1,1,3,0,10,0,0,0
2,"conf2_strong_n200",2,"strong",200,6,3,7,"bgi_ci",0.916666666666667,0.458333333333333,0.325,0.875,0.125,0.64375,0.525383493046616,4.125,0,8,0.0833333333333334,0.055097316501934,0.125
2,"conf2_strong_n200",2,"strong",200,6,3,7,"bgi_fdr",1,0.958333333333333,0.4875,1,0,0.5125,0.0559016994374947,5.875,0.0416666666666666,8,0,0.0125,0
2,"conf2_strong_n200",2,"strong",200,6,3,7,"bgi_sign",0.916666666666667,0.541666666666667,0.35625,0.875,0.125,0.6125,0.436995145398297,4.375,0,8,0.0833333333333334,0.0578155163305788,0.125
2,"conf2_strong_n200",2,"strong",200,6,3,7,"icp",0.0416666666666666,0,0,0,0,0.0416666666666666,0.0559016994374947,0.125,0,8,0.0416666666666666,0,0
2,"conf2_strong_n200",2,"strong",200,6,3,7,"ols",1,0.916666666666667,0.475,1,0,0.525,0.111803398874989,5.75,0.125,8,0,0.0163663417676994,0
2,"conf2_strong_n200",2,"strong",200,6,3,7,"ols_bh",1,0.958333333333333,0.4875,1,0,0.5125,0.0559016994374947,5.875,0.125,8,0,0.0125,0
2,"conf2_strong_n200",2,"strong",200,6,3,7,"pooled_gi",0.916666666666667,0.125,0.104166666666667,0.375,0.5,0.833333333333333,0.806831709611622,3.125,0,8,0.054554472558998,0.0516349749193377,0.18298126367785
2,"conf2_strong_n200",2,"strong",200,6,3,7,"pooled_gi_bh",0.916666666666667,0.208333333333333,0.154166666666667,0.5,0.375,0.783333333333333,0.737733409049117,3.375,0,8,0.054554472558998,0.0606471384059083,0.188982236504614
