"cell_id","label","n_env","n_e","p","rep","between_df","bgi_gamma_coverage","bgi_gamma_rmse","bgi_post_sd","bgi_bias","bgi_tpr","bgi_fdp","bgi_fwer","pgi_gamma_coverage","pgi_gamma_rmse","pgi_tpr","pgi_fdp","pred_coverage","divergent","max_rhat","mu_min_sv"
5,"E15_n200",15,200,6,1,8,1,0.0626571395941999,0.0746642559310234,0.0281592085594318,1,0,0,0.666666666666667,0.0957024837377148,1,0,0.954,0,1.00591953901286,1.77329000628326
5,"E15_n200",15,200,6,2,8,0.833333333333333,0.110083362314567,0.0586131824058363,-0.0496430735897378,1,0.25,1,0.333333333333333,0.100276692037056,1,0.25,0.958,0,1.00456450896714,1.92956074428929
5,"E15_n200",15,200,6,3,8,1,0.080052261317488,0.069609485694727,0.00953429452699209,1,0.25,1,0.833333333333333,0.0573695426457793,1,0.25,0.978,0,1.0072121913086,1.55114041645995
5,"E15_n200",15,200,6,4,8,0.833333333333333,0.117726787292907,0.0919636561893171,0.0535425982877809,1,0.25,1,0.833333333333333,0.0979428030112725,1,0.25,0.952,0,1.00188628231205,2.10084898897392
5,"E15_n200",15,200,6,5,8,0.5,0.239448460124443,0.0730702951049802,0.093608246104998,1,0.25,1,0.666666666666667,0.0813591036483495,1,0,0.902,0,1.001407407891,1.845009018328
5,"E15_n200",15,200,6,6,8,1,0.0450776003145802,0.0823354941638064,-0.00264984166672323,1,0,0,1,0.0383786778878373,1,0,0.954,0,1.00294802450611,1.50412282000222
5,"E15_n200",15,200,6,7,8,0.666666666666667,0.287373748432513,0.133196435626618,0.219485832303453,1,0.25,1,0.5,0.162459899468703,1,0.25,0.934,0,1.00266980637317,1.2271208485375
5,"E15_n200",15,200,6,8,8,1,0.0431805595470112,0.0572440253445106,0.0206289480514984,1,0,0,1,0.0382526194677451,1,0,0.956,0,1.00390557188373,1.72179752072129
5,"E15_n200",15,200,6,9,8,1,0.0509635862527831,0.0694967012359646,0.0347887427661719,1,0,0,0.833333333333333,0.0617467916923569,1,0.25,0.966,0,1.00580467254334,1.40278861388125
5,"E15_n200",15,200,6,10,8,0.833333333333333,0.0760564936343776,0.0563790791892133,-0.00656190225429435,1,0,0,0.5,0.071271588041026,1,0.25,0.936,0,1.00177887120934,1.91209866686688
5,"E15_n200",15,200,6,11,8,0.666666666666667,0.0652181250935559,0.0455200337944667,0.00477821059953652,1,0.25,1,0.333333333333333,0.053905499909409,1,0.4,0.936,0,1.00990426133312,1.40146954762889
5,"E15_n200",15,200,6,12,8,0.833333333333333,0.0866318359720738,0.0508841460216996,-0.0688217655936729,1,0.25,1,0.666666666666667,0.0682468501965997,1,0.4,0.94,0,1.00275576190953,1.61210633211528
5,"E15_n200",15,200,6,13,8,1,0.0477986729737324,0.0913419156427226,0.027337371463462,1,0,0,1,0.0589294732745844,1,0,0.954,0,1.00279781960395,1.79124316913451
5,"E15_n200",15,200,6,14,8,0.166666666666667,0.429372108702599,0.0912961141503104,0.369867062230429,1,0.5,1,0.333333333333333,0.267014322750845,1,0.4,0.956,0,1.0051892599341,1.49945350779529
5,"E15_n200",15,200,6,15,8,1,0.0727141298007838,0.0590550889271886,0.0254185937818684,1,0,0,0.5,0.0724210564339601,1,0.25,0.958,0,1.00740093423161,1.69672821561354
5,"E15_n200",15,200,6,16,8,1,0.0321933679549107,0.0404365066117179,0.00401110610586999,1,0,0,0.666666666666667,0.0371109611425871,1,0.25,0.944,0,1.00357234370742,1.72330445958836
5,"E15_n200",15,200,6,17,8,1,0.0253517567936446,0.0372969961527769,-0.0121012026840211,1,0,0,1,0.0198043872945567,1,0,0.94,0,1.00340549672647,1.59069782272722
5,"E15_n200",15,200,6,18,8,0.666666666666667,0.0728324645444125,0.050200140391338,-0.00658405498536447,1,0.4,1,0.666666666666667,0.0395935718178378,1,0.25,0.97,0,1.00281764639293,1.42889368628835
5,"E15_n200",15,200,6,19,8,1,0.02979956366912,0.0653548498314518,0.0151129073450623,1,0,0,1,0.048010737109324,1,0,0.936,0,1.002670297042,0.725781008872646
5,"E15_n200",15,200,6,20,8,0.333333333333333,0.141575956419211,0.0501894761906171,-0.00973332603928491,1,0.4,1,0.833333333333333,0.0769035737199242,1,0.25,0.92,0,1.00177980150482,1.07140215140003
