"p","n_e","cov_ours","score_ours","width_ours","rmse_ours","cov_s0_scale","cov_train_scale","score_s0_scale","score_train_scale","cov_ols","score_ols","width_ols","bgi_seconds","ncp","adapt_delta","n_total","n_dropped"
2,200,0.943235294117647,8.86688302362879,7.30226702661342,1.85305384722592,0.945,0.931176470588235,8.84515785510089,8.87582980007916,0.925588235294118,8.9040172446289,6.73349942585445,33.4455547753502,NA,NA,24,7
2,500,0.947565217391304,8.37515930922515,6.90033302388822,1.76188172292495,0.947391304347826,0.941391304347826,8.37486944149122,8.3712281608924,0.905478260869565,9.84452688099086,6.66172613550821,59.6864078252212,NA,NA,24,1
2,1000,0.95205,8.44159480499013,7.08794368430558,1.77963335451411,0.95285,0.9475,8.43515554135698,8.42724234371976,0.93435,8.93479991273431,6.85954904116735,74.6359203219414,NA,NA,24,4
2,2000,0.95004347826087,8.59390964659257,7.24198614614121,1.84014604468164,0.950521739130435,0.942586956521739,8.60022588026085,8.61636251772156,0.919891304347826,9.9116251887337,7.14167323954372,109.47327284191,NA,NA,24,1
5,200,0.944565217391304,7.74149482868383,6.32000001791144,1.6338087322436,0.945869565217391,0.927608695652174,7.74526818200219,7.76538458707108,0.909782608695652,9.37177882890965,6.02861222135778,165.989395556242,NA,NA,24,1
5,500,0.941826086956522,7.22801124166056,5.89536173001142,1.51974931469055,0.941826086956522,0.930434782608696,7.22378744036458,7.2537425996551,0.904521739130435,8.25930123014121,5.55206007976591,243.703916383826,NA,NA,24,1
5,1000,0.9495,6.9782728966687,5.87251914559683,1.47835162330849,0.948954545454545,0.930727272727273,6.96882107166642,7.0172772333441,0.926409090909091,7.43646344339311,5.59114317922545,323.035271438685,NA,NA,24,2
5,2000,0.948625,6.87023039679975,5.68815976177555,1.4613797999526,0.948333333333333,0.930520833333333,6.87342814599051,6.95845156828681,0.901145833333333,8.23597168616988,5.49639814302084,125.4694960018,0,0.99,24,0
10,200,0.932173913043478,6.30452022066079,4.81846661151886,1.29944962618079,0.933260869565217,0.929347826086957,6.30345412375879,6.2545028550075,0.926521739130435,6.47710782337771,4.64978384281087,342.540400038595,0,0.99,24,1
10,500,0.923636363636364,6.59119296756457,4.79494099473123,1.32048527844176,0.921272727272727,0.915090909090909,6.59628406814089,6.52721445073193,0.900181818181818,7.25135710449652,4.57105915027782,448.143462354487,0,0.99,24,2
10,1000,0.944238095238095,5.65122843023216,4.65995135413134,1.20184643636571,0.944571428571429,0.936,5.65415179998595,5.64856896260063,0.908619047619048,6.72766505295944,4.50879759371942,588.5553250994,0,0.99,24,3
10,2000,0.9465,5.63816581526574,4.67757888171018,1.2079403600158,0.946857142857143,0.934166666666667,5.64009087432815,5.71306738957397,0.924,5.9843241839529,4.49622296305845,600.792797270276,0,0.99,24,3
