"scenario_id","label","confounding","identifiability","n_e","p","s0","n_env","method","tpr","fpr","fdp","fwer","exact_recovery","jaccard","mcc","n_selected","sign_error","posterior_esr","n_rep","tpr_se","fdp_se","fwer_se","sign_error_se"
1,"conf0_strong_n200",0,"strong",200,6,3,7,"anchor_g2",1,0.1,0.065,0.2,0.8,0.935,0.915432037668651,3.3,0,NA,10,0,0.0447524052736585,0.133333333333333,0
1,"conf0_strong_n200",0,"strong",200,6,3,7,"anchor_g32",1,0.666666666666667,0.39,1,0,0.61,0.409749513537284,5,0,NA,10,0,0.0266666666666667,0,0
1,"conf0_strong_n200",0,"strong",200,6,3,7,"anchor_g8",1,0.4,0.245,0.7,0.3,0.755,0.646296113005952,4.2,0,NA,10,0,0.0593717104351896,0.152752523165195,0
1,"conf0_strong_n200",0,"strong",200,6,3,7,"anchor_oracle",1,0.133333333333333,0.08,0.2,0.8,0.92,0.889442719099992,3.4,0,NA,10,0,0.0533333333333333,0.133333333333333,0
1,"conf0_strong_n200",0,"strong",200,6,3,7,"bgi_ci",1,0.0666666666666666,0.05,0.2,0.8,0.95,0.94142135623731,3.2,0,0.000683333333333333,10,0,0.0333333333333333,0.133333333333333,0
1,"conf0_strong_n200",0,"strong",200,6,3,7,"bgi_fdr",1,0.766666666666667,0.43,1,0,0.57,0.313049516849971,5.3,0,0.0775616666666667,10,0,0.0152752523165195,0,0
1,"conf0_strong_n200",0,"strong",200,6,3,7,"bgi_rope",1,0,0,0,1,1,1,3,0,0.000208333333333333,10,0,0,0,0
1,"conf0_strong_n200",0,"strong",200,6,3,7,"bgi_sign",1,0.133333333333333,0.09,0.3,0.7,0.91,0.886142715787305,3.4,0,0.00205583333333333,10,0,0.0476095228569523,0.152752523165195,0
1,"conf0_strong_n200",0,"strong",200,6,3,7,"group_dro",1,0.233333333333333,0.175,0.7,0.3,0.825,0.794974746830584,3.7,0,NA,10,0,0.0381881307912987,0.152752523165195,0
1,"conf0_strong_n200",0,"strong",200,6,3,7,"icp",1,0,0,0,1,1,1,3,0,NA,10,0,0,0,0
1,"conf0_strong_n200",0,"strong",200,6,3,7,"iv",1,0,0,0,1,1,1,3,0,NA,10,0,0,0,0
1,"conf0_strong_n200",0,"strong",200,6,3,7,"ols",1,0.0333333333333333,0.025,0.1,0.9,0.975,0.970710678118655,3.1,0,NA,10,0,0.025,0.1,0
1,"conf0_strong_n200",0,"strong",200,6,3,7,"ols_bh",1,0.0666666666666666,0.05,0.2,0.8,0.95,0.94142135623731,3.2,0,NA,10,0,0.0333333333333333,0.133333333333333,0
1,"conf0_strong_n200",0,"strong",200,6,3,7,"pooled_gi",1,0,0,0,1,1,1,3,0,NA,10,0,0,0,0
1,"conf0_strong_n200",0,"strong",200,6,3,7,"pooled_gi_bh",1,0,0,0,1,1,1,3,0,NA,10,0,0,0,0
2,"conf2_strong_n200",2,"strong",200,6,3,7,"anchor_g2",1,0.933333333333333,0.48,1,0,0.52,0.0894427190999916,5.8,0.1,NA,10,0,0.0133333333333333,0,0.071145824860365
2,"conf2_strong_n200",2,"strong",200,6,3,7,"anchor_g32",1,0.766666666666667,0.42,1,0,0.58,0.275585434887297,5.3,0.0333333333333333,NA,10,0,0.0317979733805649,0,0.0333333333333333
2,"conf2_strong_n200",2,"strong",200,6,3,7,"anchor_g8",0.966666666666667,0.766666666666667,0.435,1,0,0.555,0.249596116318638,5.2,0.05,NA,10,0.0333333333333333,0.0258736244937667,0,0.05
2,"conf2_strong_n200",2,"strong",200,6,3,7,"anchor_oracle",1,0.933333333333333,0.48,1,0,0.52,0.0894427190999916,5.8,0.0666666666666667,NA,10,0,0.0133333333333333,0,0.0666666666666667
2,"conf2_strong_n200",2,"strong",200,6,3,7,"bgi_ci",0.833333333333333,0.2,0.181666666666667,0.5,0.4,0.726666666666667,0.652809382453972,3.1,0,0.0023325,10,0.074535599249993,0.0636565824862375,0.166666666666667,0
2,"conf2_strong_n200",2,"strong",200,6,3,7,"bgi_fdr",1,0.8,0.43,1,0,0.57,0.230864075337301,5.4,0.0333333333333333,0.06488125,10,0,0.032659863237109,0,0.0333333333333333
2,"conf2_strong_n200",2,"strong",200,6,3,7,"bgi_rope",0.833333333333333,0.0666666666666666,0.0833333333333333,0.2,0.6,0.808333333333333,0.774754689570643,2.7,0,0.0007125,10,0.074535599249993,0.0569275042553311,0.133333333333333,0
2,"conf2_strong_n200",2,"strong",200,6,3,7,"bgi_sign",0.933333333333333,0.266666666666667,0.198333333333333,0.6,0.4,0.775,0.690186727239294,3.6,0,0.00672208333333333,10,0.0444444444444444,0.0591842696818823,0.163299316185545,0
2,"conf2_strong_n200",2,"strong",200,6,3,7,"group_dro",0.933333333333333,0.866666666666667,0.486666666666667,1,0,0.5,0.100830745316654,5.4,0.0666666666666667,NA,10,0.0666666666666667,0.024944382578493,0,0.0666666666666667
2,"conf2_strong_n200",2,"strong",200,6,3,7,"icp",0.133333333333333,0,0,0,0.1,0.133333333333333,0.144721359549996,0.4,0,NA,10,0.101835015443463,0,0,0
2,"conf2_strong_n200",2,"strong",200,6,3,7,"iv",0.666666666666667,0,0,0,0.5,0.666666666666667,0.686142715787305,2,0,NA,10,0.131468439624436,0,0,0
2,"conf2_strong_n200",2,"strong",200,6,3,7,"ols",1,0.9,0.47,1,0,0.53,0.134164078649987,5.7,0.1,NA,10,0,0.0152752523165195,0,0.071145824860365
2,"conf2_strong_n200",2,"strong",200,6,3,7,"ols_bh",1,0.966666666666667,0.49,1,0,0.51,0.0447213595499958,5.9,0.1,NA,10,0,0.01,0,0.071145824860365
2,"conf2_strong_n200",2,"strong",200,6,3,7,"pooled_gi",0.833333333333333,0.133333333333333,0.108333333333333,0.4,0.4,0.741666666666667,0.716176045807952,2.9,0,NA,10,0.10243938285881,0.0448763733927875,0.163299316185545,0
2,"conf2_strong_n200",2,"strong",200,6,3,7,"pooled_gi_bh",0.833333333333333,0.2,0.148333333333333,0.5,0.3,0.701666666666667,0.660897405357948,3.1,0,NA,10,0.10243938285881,0.0514871433071007,0.166666666666667,0
3,"conf0_weak_n200",0,"weak",200,6,3,7,"anchor_g2",1,0,0,0,1,1,1,3,0,NA,1,NA,NA,NA,NA
3,"conf0_weak_n200",0,"weak",200,6,3,7,"anchor_g32",1,0.666666666666667,0.4,1,0,0.6,0.447213595499958,5,0,NA,1,NA,NA,NA,NA
3,"conf0_weak_n200",0,"weak",200,6,3,7,"anchor_g8",1,0,0,0,1,1,1,3,0,NA,1,NA,NA,NA,NA
3,"conf0_weak_n200",0,"weak",200,6,3,7,"anchor_oracle",1,0,0,0,1,1,1,3,0,NA,1,NA,NA,NA,NA
3,"conf0_weak_n200",0,"weak",200,6,3,7,"bgi_ci",0.666666666666667,0,0,0,0,0.666666666666667,0.707106781186548,2,0,0.000125,1,NA,NA,NA,NA
3,"conf0_weak_n200",0,"weak",200,6,3,7,"bgi_fdr",1,0.333333333333333,0.25,1,0,0.75,0.707106781186548,4,0,0.0996875,1,NA,NA,NA,NA
3,"conf0_weak_n200",0,"weak",200,6,3,7,"bgi_rope",0.666666666666667,0,0,0,0,0.666666666666667,0.707106781186548,2,0,0.000125,1,NA,NA,NA,NA
3,"conf0_weak_n200",0,"weak",200,6,3,7,"bgi_sign",0.666666666666667,0,0,0,0,0.666666666666667,0.707106781186548,2,0,0.000125,1,NA,NA,NA,NA
3,"conf0_weak_n200",0,"weak",200,6,3,7,"group_dro",1,0,0,0,1,1,1,3,0,NA,1,NA,NA,NA,NA
3,"conf0_weak_n200",0,"weak",200,6,3,7,"icp",0,0,0,0,0,0,0,0,NA,NA,1,NA,NA,NA,NA
3,"conf0_weak_n200",0,"weak",200,6,3,7,"iv",0,0,0,0,0,0,0,0,NA,NA,1,NA,NA,NA,NA
3,"conf0_weak_n200",0,"weak",200,6,3,7,"ols",1,0,0,0,1,1,1,3,0,NA,1,NA,NA,NA,NA
3,"conf0_weak_n200",0,"weak",200,6,3,7,"ols_bh",1,0,0,0,1,1,1,3,0,NA,1,NA,NA,NA,NA
3,"conf0_weak_n200",0,"weak",200,6,3,7,"pooled_gi",0.333333333333333,0,0,0,0,0.333333333333333,0.447213595499958,1,0,NA,1,NA,NA,NA,NA
3,"conf0_weak_n200",0,"weak",200,6,3,7,"pooled_gi_bh",0,0,0,0,0,0,0,0,NA,NA,1,NA,NA,NA,NA
4,"conf2_weak_n200",2,"weak",200,6,3,7,"anchor_g2",1,1,0.5,1,0,0.5,0,6,0.333333333333333,NA,1,NA,NA,NA,NA
4,"conf2_weak_n200",2,"weak",200,6,3,7,"anchor_g32",1,0.666666666666667,0.4,1,0,0.6,0.447213595499958,5,0.333333333333333,NA,1,NA,NA,NA,NA
4,"conf2_weak_n200",2,"weak",200,6,3,7,"anchor_g8",1,1,0.5,1,0,0.5,0,6,0.333333333333333,NA,1,NA,NA,NA,NA
4,"conf2_weak_n200",2,"weak",200,6,3,7,"anchor_oracle",1,0.666666666666667,0.4,1,0,0.6,0.447213595499958,5,0.333333333333333,NA,1,NA,NA,NA,NA
4,"conf2_weak_n200",2,"weak",200,6,3,7,"bgi_ci",0,0,0,0,0,0,0,0,NA,0,1,NA,NA,NA,NA
4,"conf2_weak_n200",2,"weak",200,6,3,7,"bgi_fdr",0.666666666666667,0.333333333333333,0.333333333333333,1,0,0.5,0.333333333333333,3,0.5,0.0685833333333333,1,NA,NA,NA,NA
4,"conf2_weak_n200",2,"weak",200,6,3,7,"bgi_rope",0,0,0,0,0,0,0,0,NA,0,1,NA,NA,NA,NA
4,"conf2_weak_n200",2,"weak",200,6,3,7,"bgi_sign",0.333333333333333,0,0,0,0,0.333333333333333,0.447213595499958,1,1,0.03075,1,NA,NA,NA,NA
4,"conf2_weak_n200",2,"weak",200,6,3,7,"group_dro",1,1,0.5,1,0,0.5,0,6,0.333333333333333,NA,1,NA,NA,NA,NA
4,"conf2_weak_n200",2,"weak",200,6,3,7,"icp",0,0,0,0,0,0,0,0,NA,NA,1,NA,NA,NA,NA
4,"conf2_weak_n200",2,"weak",200,6,3,7,"iv",0,0,0,0,0,0,0,0,NA,NA,1,NA,NA,NA,NA
4,"conf2_weak_n200",2,"weak",200,6,3,7,"ols",1,1,0.5,1,0,0.5,0,6,0.333333333333333,NA,1,NA,NA,NA,NA
4,"conf2_weak_n200",2,"weak",200,6,3,7,"ols_bh",1,1,0.5,1,0,0.5,0,6,0.333333333333333,NA,1,NA,NA,NA,NA
4,"conf2_weak_n200",2,"weak",200,6,3,7,"pooled_gi",0,0,0,0,0,0,0,0,NA,NA,1,NA,NA,NA,NA
4,"conf2_weak_n200",2,"weak",200,6,3,7,"pooled_gi_bh",0,0,0,0,0,0,0,0,NA,NA,1,NA,NA,NA,NA
