"task_id","scenario_id","label","rep_id","confounding","identifiability","n_e","p","s0","n_env","model","adapt_delta","ncp","alpha","q_fdr","k_norm","sigma_y_true","mu_min_sv","mu_condition","bgi_seconds","bgi_divergent","bgi_post_draws","bgi_max_rhat","bgi_min_ess","cov_condition_max","cov_condition_target","cov_shrinkage_max","bgi_gamma_coverage","bgi_gamma_coverage_parents","bgi_gamma_coverage_nulls","bgi_gamma_rmse","ols_gamma_rmse","pooled_gi_gamma_rmse","iv_gamma_rmse","group_dro_gamma_rmse","vrex_gamma_rmse","wass_dro_gamma_rmse","anchor_g8_gamma_rmse","anchor_oracle_gamma_rmse","anchor_oracle_gamma_anchor","iv_pred_coverage","iv_pred_width","anchor_oracle_pred_coverage","anchor_oracle_pred_width","bgi_pred_coverage","bgi_pred_width","bgi_pred_rmse","ols_pred_coverage","ols_pred_width","pooled_gi_pred_coverage","pooled_gi_pred_width","bgi_pred_coverage","bgi_pred_width","bgi_pred_is","bgi_pred_rmse","ols_pred_coverage","ols_pred_width","ols_pred_is","ols_pred_rmse","pooled_gi_pred_coverage","pooled_gi_pred_width","pooled_gi_pred_is","pooled_gi_pred_rmse","iv_pred_coverage","iv_pred_width","iv_pred_is","iv_pred_rmse","anchor_g8_pred_coverage","anchor_g8_pred_width","anchor_g8_pred_is","anchor_g8_pred_rmse","anchor_oracle_pred_coverage","anchor_oracle_pred_width","anchor_oracle_pred_is","anchor_oracle_pred_rmse","group_dro_pred_coverage","group_dro_pred_width","group_dro_pred_is","group_dro_pred_rmse","vrex_pred_coverage","vrex_pred_width","vrex_pred_is","vrex_pred_rmse","wass_dro_pred_coverage","wass_dro_pred_width","wass_dro_pred_is","wass_dro_pred_rmse","n_selected","tp","fp","fn","tn","tpr","fpr","fdp","fwer","exact_recovery","jaccard","mcc","method","sign_error","posterior_esr"
5,1,"conf0_strong_n200",5,0,"strong",200,6,3,7,"gi_hd_slope",0.99,1,0.05,0.1,0,1,0.265626172201812,14.4027942785105,219.590983867645,0,4000,1.0039235434474,768.952708034381,23.6995731560615,11.8749650331845,1,1,1,1,0.0423454977407344,0.0235696656760436,0.181262913027724,0.181262913029227,0.0390175030377997,0.0224981496986605,0.0677942453934094,0.0253137671868522,0.0241785485451567,2,0.942,4.61448838311072,0.966,3.96483801484988,0.968,4.1032637705909,0.990561597212495,0.968,3.98007911727227,0.952,3.97060493413878,0.968,4.1032637705909,4.61417839617627,0.990561597212495,0.968,3.98007911727227,4.55667021098202,0.985488079371281,0.952,3.97060493413878,4.66238148273632,1.0109212294319,0.942,4.61448838311072,5.39657162092533,1.2033927201128,0.964,3.96689466906805,4.55703083508658,0.987475323964224,0.966,3.96483801484988,4.55299387662033,0.986070814027834,0.97,3.98214220958149,4.54891571714071,0.988882819940675,0.968,3.96521351367158,4.54486788866929,0.984792396103119,0.966,4.02143377605493,4.56181104431888,1.00085736185854,3,3,0,0,3,1,0,0,0,1,1,1,"bgi_sign",0,0
5,1,"conf0_strong_n200",5,0,"strong",200,6,3,7,"gi_hd_slope",0.99,1,0.05,0.1,0,1,0.265626172201812,14.4027942785105,219.590983867645,0,4000,1.0039235434474,768.952708034381,23.6995731560615,11.8749650331845,1,1,1,1,0.0423454977407344,0.0235696656760436,0.181262913027724,0.181262913029227,0.0390175030377997,0.0224981496986605,0.0677942453934094,0.0253137671868522,0.0241785485451567,2,0.942,4.61448838311072,0.966,3.96483801484988,0.968,4.1032637705909,0.990561597212495,0.968,3.98007911727227,0.952,3.97060493413878,0.968,4.1032637705909,4.61417839617627,0.990561597212495,0.968,3.98007911727227,4.55667021098202,0.985488079371281,0.952,3.97060493413878,4.66238148273632,1.0109212294319,0.942,4.61448838311072,5.39657162092533,1.2033927201128,0.964,3.96689466906805,4.55703083508658,0.987475323964224,0.966,3.96483801484988,4.55299387662033,0.986070814027834,0.97,3.98214220958149,4.54891571714071,0.988882819940675,0.968,3.96521351367158,4.54486788866929,0.984792396103119,0.966,4.02143377605493,4.56181104431888,1.00085736185854,3,3,0,0,3,1,0,0,0,1,1,1,"bgi_ci",0,0
5,1,"conf0_strong_n200",5,0,"strong",200,6,3,7,"gi_hd_slope",0.99,1,0.05,0.1,0,1,0.265626172201812,14.4027942785105,219.590983867645,0,4000,1.0039235434474,768.952708034381,23.6995731560615,11.8749650331845,1,1,1,1,0.0423454977407344,0.0235696656760436,0.181262913027724,0.181262913029227,0.0390175030377997,0.0224981496986605,0.0677942453934094,0.0253137671868522,0.0241785485451567,2,0.942,4.61448838311072,0.966,3.96483801484988,0.968,4.1032637705909,0.990561597212495,0.968,3.98007911727227,0.952,3.97060493413878,0.968,4.1032637705909,4.61417839617627,0.990561597212495,0.968,3.98007911727227,4.55667021098202,0.985488079371281,0.952,3.97060493413878,4.66238148273632,1.0109212294319,0.942,4.61448838311072,5.39657162092533,1.2033927201128,0.964,3.96689466906805,4.55703083508658,0.987475323964224,0.966,3.96483801484988,4.55299387662033,0.986070814027834,0.97,3.98214220958149,4.54891571714071,0.988882819940675,0.968,3.96521351367158,4.54486788866929,0.984792396103119,0.966,4.02143377605493,4.56181104431888,1.00085736185854,4,3,1,0,2,1,0.333333333333333,0.25,1,0,0.75,0.707106781186548,"bgi_fdr",0,0.0805
5,1,"conf0_strong_n200",5,0,"strong",200,6,3,7,"gi_hd_slope",0.99,1,0.05,0.1,0,1,0.265626172201812,14.4027942785105,219.590983867645,0,4000,1.0039235434474,768.952708034381,23.6995731560615,11.8749650331845,1,1,1,1,0.0423454977407344,0.0235696656760436,0.181262913027724,0.181262913029227,0.0390175030377997,0.0224981496986605,0.0677942453934094,0.0253137671868522,0.0241785485451567,2,0.942,4.61448838311072,0.966,3.96483801484988,0.968,4.1032637705909,0.990561597212495,0.968,3.98007911727227,0.952,3.97060493413878,0.968,4.1032637705909,4.61417839617627,0.990561597212495,0.968,3.98007911727227,4.55667021098202,0.985488079371281,0.952,3.97060493413878,4.66238148273632,1.0109212294319,0.942,4.61448838311072,5.39657162092533,1.2033927201128,0.964,3.96689466906805,4.55703083508658,0.987475323964224,0.966,3.96483801484988,4.55299387662033,0.986070814027834,0.97,3.98214220958149,4.54891571714071,0.988882819940675,0.968,3.96521351367158,4.54486788866929,0.984792396103119,0.966,4.02143377605493,4.56181104431888,1.00085736185854,3,3,0,0,3,1,0,0,0,1,1,1,"bgi_rope",0,0
5,1,"conf0_strong_n200",5,0,"strong",200,6,3,7,"gi_hd_slope",0.99,1,0.05,0.1,0,1,0.265626172201812,14.4027942785105,219.590983867645,0,4000,1.0039235434474,768.952708034381,23.6995731560615,11.8749650331845,1,1,1,1,0.0423454977407344,0.0235696656760436,0.181262913027724,0.181262913029227,0.0390175030377997,0.0224981496986605,0.0677942453934094,0.0253137671868522,0.0241785485451567,2,0.942,4.61448838311072,0.966,3.96483801484988,0.968,4.1032637705909,0.990561597212495,0.968,3.98007911727227,0.952,3.97060493413878,0.968,4.1032637705909,4.61417839617627,0.990561597212495,0.968,3.98007911727227,4.55667021098202,0.985488079371281,0.952,3.97060493413878,4.66238148273632,1.0109212294319,0.942,4.61448838311072,5.39657162092533,1.2033927201128,0.964,3.96689466906805,4.55703083508658,0.987475323964224,0.966,3.96483801484988,4.55299387662033,0.986070814027834,0.97,3.98214220958149,4.54891571714071,0.988882819940675,0.968,3.96521351367158,4.54486788866929,0.984792396103119,0.966,4.02143377605493,4.56181104431888,1.00085736185854,3,3,0,0,3,1,0,0,0,1,1,1,"ols",0,NA
5,1,"conf0_strong_n200",5,0,"strong",200,6,3,7,"gi_hd_slope",0.99,1,0.05,0.1,0,1,0.265626172201812,14.4027942785105,219.590983867645,0,4000,1.0039235434474,768.952708034381,23.6995731560615,11.8749650331845,1,1,1,1,0.0423454977407344,0.0235696656760436,0.181262913027724,0.181262913029227,0.0390175030377997,0.0224981496986605,0.0677942453934094,0.0253137671868522,0.0241785485451567,2,0.942,4.61448838311072,0.966,3.96483801484988,0.968,4.1032637705909,0.990561597212495,0.968,3.98007911727227,0.952,3.97060493413878,0.968,4.1032637705909,4.61417839617627,0.990561597212495,0.968,3.98007911727227,4.55667021098202,0.985488079371281,0.952,3.97060493413878,4.66238148273632,1.0109212294319,0.942,4.61448838311072,5.39657162092533,1.2033927201128,0.964,3.96689466906805,4.55703083508658,0.987475323964224,0.966,3.96483801484988,4.55299387662033,0.986070814027834,0.97,3.98214220958149,4.54891571714071,0.988882819940675,0.968,3.96521351367158,4.54486788866929,0.984792396103119,0.966,4.02143377605493,4.56181104431888,1.00085736185854,3,3,0,0,3,1,0,0,0,1,1,1,"ols_bh",0,NA
5,1,"conf0_strong_n200",5,0,"strong",200,6,3,7,"gi_hd_slope",0.99,1,0.05,0.1,0,1,0.265626172201812,14.4027942785105,219.590983867645,0,4000,1.0039235434474,768.952708034381,23.6995731560615,11.8749650331845,1,1,1,1,0.0423454977407344,0.0235696656760436,0.181262913027724,0.181262913029227,0.0390175030377997,0.0224981496986605,0.0677942453934094,0.0253137671868522,0.0241785485451567,2,0.942,4.61448838311072,0.966,3.96483801484988,0.968,4.1032637705909,0.990561597212495,0.968,3.98007911727227,0.952,3.97060493413878,0.968,4.1032637705909,4.61417839617627,0.990561597212495,0.968,3.98007911727227,4.55667021098202,0.985488079371281,0.952,3.97060493413878,4.66238148273632,1.0109212294319,0.942,4.61448838311072,5.39657162092533,1.2033927201128,0.964,3.96689466906805,4.55703083508658,0.987475323964224,0.966,3.96483801484988,4.55299387662033,0.986070814027834,0.97,3.98214220958149,4.54891571714071,0.988882819940675,0.968,3.96521351367158,4.54486788866929,0.984792396103119,0.966,4.02143377605493,4.56181104431888,1.00085736185854,3,3,0,0,3,1,0,0,0,1,1,1,"pooled_gi",0,NA
5,1,"conf0_strong_n200",5,0,"strong",200,6,3,7,"gi_hd_slope",0.99,1,0.05,0.1,0,1,0.265626172201812,14.4027942785105,219.590983867645,0,4000,1.0039235434474,768.952708034381,23.6995731560615,11.8749650331845,1,1,1,1,0.0423454977407344,0.0235696656760436,0.181262913027724,0.181262913029227,0.0390175030377997,0.0224981496986605,0.0677942453934094,0.0253137671868522,0.0241785485451567,2,0.942,4.61448838311072,0.966,3.96483801484988,0.968,4.1032637705909,0.990561597212495,0.968,3.98007911727227,0.952,3.97060493413878,0.968,4.1032637705909,4.61417839617627,0.990561597212495,0.968,3.98007911727227,4.55667021098202,0.985488079371281,0.952,3.97060493413878,4.66238148273632,1.0109212294319,0.942,4.61448838311072,5.39657162092533,1.2033927201128,0.964,3.96689466906805,4.55703083508658,0.987475323964224,0.966,3.96483801484988,4.55299387662033,0.986070814027834,0.97,3.98214220958149,4.54891571714071,0.988882819940675,0.968,3.96521351367158,4.54486788866929,0.984792396103119,0.966,4.02143377605493,4.56181104431888,1.00085736185854,3,3,0,0,3,1,0,0,0,1,1,1,"pooled_gi_bh",0,NA
5,1,"conf0_strong_n200",5,0,"strong",200,6,3,7,"gi_hd_slope",0.99,1,0.05,0.1,0,1,0.265626172201812,14.4027942785105,219.590983867645,0,4000,1.0039235434474,768.952708034381,23.6995731560615,11.8749650331845,1,1,1,1,0.0423454977407344,0.0235696656760436,0.181262913027724,0.181262913029227,0.0390175030377997,0.0224981496986605,0.0677942453934094,0.0253137671868522,0.0241785485451567,2,0.942,4.61448838311072,0.966,3.96483801484988,0.968,4.1032637705909,0.990561597212495,0.968,3.98007911727227,0.952,3.97060493413878,0.968,4.1032637705909,4.61417839617627,0.990561597212495,0.968,3.98007911727227,4.55667021098202,0.985488079371281,0.952,3.97060493413878,4.66238148273632,1.0109212294319,0.942,4.61448838311072,5.39657162092533,1.2033927201128,0.964,3.96689466906805,4.55703083508658,0.987475323964224,0.966,3.96483801484988,4.55299387662033,0.986070814027834,0.97,3.98214220958149,4.54891571714071,0.988882819940675,0.968,3.96521351367158,4.54486788866929,0.984792396103119,0.966,4.02143377605493,4.56181104431888,1.00085736185854,3,3,0,0,3,1,0,0,0,1,1,1,"icp",0,NA
5,1,"conf0_strong_n200",5,0,"strong",200,6,3,7,"gi_hd_slope",0.99,1,0.05,0.1,0,1,0.265626172201812,14.4027942785105,219.590983867645,0,4000,1.0039235434474,768.952708034381,23.6995731560615,11.8749650331845,1,1,1,1,0.0423454977407344,0.0235696656760436,0.181262913027724,0.181262913029227,0.0390175030377997,0.0224981496986605,0.0677942453934094,0.0253137671868522,0.0241785485451567,2,0.942,4.61448838311072,0.966,3.96483801484988,0.968,4.1032637705909,0.990561597212495,0.968,3.98007911727227,0.952,3.97060493413878,0.968,4.1032637705909,4.61417839617627,0.990561597212495,0.968,3.98007911727227,4.55667021098202,0.985488079371281,0.952,3.97060493413878,4.66238148273632,1.0109212294319,0.942,4.61448838311072,5.39657162092533,1.2033927201128,0.964,3.96689466906805,4.55703083508658,0.987475323964224,0.966,3.96483801484988,4.55299387662033,0.986070814027834,0.97,3.98214220958149,4.54891571714071,0.988882819940675,0.968,3.96521351367158,4.54486788866929,0.984792396103119,0.966,4.02143377605493,4.56181104431888,1.00085736185854,3,3,0,0,3,1,0,0,0,1,1,1,"iv",0,NA
5,1,"conf0_strong_n200",5,0,"strong",200,6,3,7,"gi_hd_slope",0.99,1,0.05,0.1,0,1,0.265626172201812,14.4027942785105,219.590983867645,0,4000,1.0039235434474,768.952708034381,23.6995731560615,11.8749650331845,1,1,1,1,0.0423454977407344,0.0235696656760436,0.181262913027724,0.181262913029227,0.0390175030377997,0.0224981496986605,0.0677942453934094,0.0253137671868522,0.0241785485451567,2,0.942,4.61448838311072,0.966,3.96483801484988,0.968,4.1032637705909,0.990561597212495,0.968,3.98007911727227,0.952,3.97060493413878,0.968,4.1032637705909,4.61417839617627,0.990561597212495,0.968,3.98007911727227,4.55667021098202,0.985488079371281,0.952,3.97060493413878,4.66238148273632,1.0109212294319,0.942,4.61448838311072,5.39657162092533,1.2033927201128,0.964,3.96689466906805,4.55703083508658,0.987475323964224,0.966,3.96483801484988,4.55299387662033,0.986070814027834,0.97,3.98214220958149,4.54891571714071,0.988882819940675,0.968,3.96521351367158,4.54486788866929,0.984792396103119,0.966,4.02143377605493,4.56181104431888,1.00085736185854,3,3,0,0,3,1,0,0,0,1,1,1,"anchor_g2",0,NA
5,1,"conf0_strong_n200",5,0,"strong",200,6,3,7,"gi_hd_slope",0.99,1,0.05,0.1,0,1,0.265626172201812,14.4027942785105,219.590983867645,0,4000,1.0039235434474,768.952708034381,23.6995731560615,11.8749650331845,1,1,1,1,0.0423454977407344,0.0235696656760436,0.181262913027724,0.181262913029227,0.0390175030377997,0.0224981496986605,0.0677942453934094,0.0253137671868522,0.0241785485451567,2,0.942,4.61448838311072,0.966,3.96483801484988,0.968,4.1032637705909,0.990561597212495,0.968,3.98007911727227,0.952,3.97060493413878,0.968,4.1032637705909,4.61417839617627,0.990561597212495,0.968,3.98007911727227,4.55667021098202,0.985488079371281,0.952,3.97060493413878,4.66238148273632,1.0109212294319,0.942,4.61448838311072,5.39657162092533,1.2033927201128,0.964,3.96689466906805,4.55703083508658,0.987475323964224,0.966,3.96483801484988,4.55299387662033,0.986070814027834,0.97,3.98214220958149,4.54891571714071,0.988882819940675,0.968,3.96521351367158,4.54486788866929,0.984792396103119,0.966,4.02143377605493,4.56181104431888,1.00085736185854,5,3,2,0,1,1,0.666666666666667,0.4,1,0,0.6,0.447213595499958,"anchor_g8",0,NA
5,1,"conf0_strong_n200",5,0,"strong",200,6,3,7,"gi_hd_slope",0.99,1,0.05,0.1,0,1,0.265626172201812,14.4027942785105,219.590983867645,0,4000,1.0039235434474,768.952708034381,23.6995731560615,11.8749650331845,1,1,1,1,0.0423454977407344,0.0235696656760436,0.181262913027724,0.181262913029227,0.0390175030377997,0.0224981496986605,0.0677942453934094,0.0253137671868522,0.0241785485451567,2,0.942,4.61448838311072,0.966,3.96483801484988,0.968,4.1032637705909,0.990561597212495,0.968,3.98007911727227,0.952,3.97060493413878,0.968,4.1032637705909,4.61417839617627,0.990561597212495,0.968,3.98007911727227,4.55667021098202,0.985488079371281,0.952,3.97060493413878,4.66238148273632,1.0109212294319,0.942,4.61448838311072,5.39657162092533,1.2033927201128,0.964,3.96689466906805,4.55703083508658,0.987475323964224,0.966,3.96483801484988,4.55299387662033,0.986070814027834,0.97,3.98214220958149,4.54891571714071,0.988882819940675,0.968,3.96521351367158,4.54486788866929,0.984792396103119,0.966,4.02143377605493,4.56181104431888,1.00085736185854,5,3,2,0,1,1,0.666666666666667,0.4,1,0,0.6,0.447213595499958,"anchor_g32",0,NA
5,1,"conf0_strong_n200",5,0,"strong",200,6,3,7,"gi_hd_slope",0.99,1,0.05,0.1,0,1,0.265626172201812,14.4027942785105,219.590983867645,0,4000,1.0039235434474,768.952708034381,23.6995731560615,11.8749650331845,1,1,1,1,0.0423454977407344,0.0235696656760436,0.181262913027724,0.181262913029227,0.0390175030377997,0.0224981496986605,0.0677942453934094,0.0253137671868522,0.0241785485451567,2,0.942,4.61448838311072,0.966,3.96483801484988,0.968,4.1032637705909,0.990561597212495,0.968,3.98007911727227,0.952,3.97060493413878,0.968,4.1032637705909,4.61417839617627,0.990561597212495,0.968,3.98007911727227,4.55667021098202,0.985488079371281,0.952,3.97060493413878,4.66238148273632,1.0109212294319,0.942,4.61448838311072,5.39657162092533,1.2033927201128,0.964,3.96689466906805,4.55703083508658,0.987475323964224,0.966,3.96483801484988,4.55299387662033,0.986070814027834,0.97,3.98214220958149,4.54891571714071,0.988882819940675,0.968,3.96521351367158,4.54486788866929,0.984792396103119,0.966,4.02143377605493,4.56181104431888,1.00085736185854,3,3,0,0,3,1,0,0,0,1,1,1,"anchor_oracle",0,NA
5,1,"conf0_strong_n200",5,0,"strong",200,6,3,7,"gi_hd_slope",0.99,1,0.05,0.1,0,1,0.265626172201812,14.4027942785105,219.590983867645,0,4000,1.0039235434474,768.952708034381,23.6995731560615,11.8749650331845,1,1,1,1,0.0423454977407344,0.0235696656760436,0.181262913027724,0.181262913029227,0.0390175030377997,0.0224981496986605,0.0677942453934094,0.0253137671868522,0.0241785485451567,2,0.942,4.61448838311072,0.966,3.96483801484988,0.968,4.1032637705909,0.990561597212495,0.968,3.98007911727227,0.952,3.97060493413878,0.968,4.1032637705909,4.61417839617627,0.990561597212495,0.968,3.98007911727227,4.55667021098202,0.985488079371281,0.952,3.97060493413878,4.66238148273632,1.0109212294319,0.942,4.61448838311072,5.39657162092533,1.2033927201128,0.964,3.96689466906805,4.55703083508658,0.987475323964224,0.966,3.96483801484988,4.55299387662033,0.986070814027834,0.97,3.98214220958149,4.54891571714071,0.988882819940675,0.968,3.96521351367158,4.54486788866929,0.984792396103119,0.966,4.02143377605493,4.56181104431888,1.00085736185854,4,3,1,0,2,1,0.333333333333333,0.25,1,0,0.75,0.707106781186548,"group_dro",0,NA
