"model","hetero","arm","rank","n_draws"
"gi_hd",0.5,"plugin",11,20
"gi_hd",0.5,"plugin",9,20
"gi_hd",0.5,"plugin",14,20
"gi_hd",0.5,"plugin",11,20
"gi_hd",0.5,"plugin",4,20
"gi_hd",0.5,"plugin",13,20
"gi_hd",0.5,"plugin",10,20
"gi_hd",0.5,"plugin",9,20
"gi_hd",0.5,"plugin",19,20
"gi_hd",0.5,"plugin",0,20
"gi_hd",0.5,"plugin",5,20
"gi_hd",0.5,"plugin",0,20
"gi_hd",0.5,"plugin",19,20
"gi_hd",0.5,"plugin",11,20
"gi_hd",0.5,"plugin",1,20
"gi_hd",0.5,"plugin",11,20
"gi_hd",0.5,"plugin",0,20
"gi_hd",0.5,"plugin",11,20
"gi_hd",0.5,"plugin",0,20
"gi_hd",0.5,"plugin",1,20
"gi_hd",0.5,"plugin",12,20
"gi_hd",0.5,"plugin",19,20
"gi_hd",0.5,"plugin",1,20
"gi_hd",0.5,"plugin",4,20
"gi_hd",0.5,"plugin",1,20
"gi_hd",0.5,"plugin",20,20
"gi_hd",0.5,"plugin",9,20
"gi_hd",0.5,"plugin",20,20
"gi_hd",0.5,"plugin",13,20
"gi_hd",0.5,"plugin",15,20
"gi_hd",0.5,"plugin",5,20
"gi_hd",0.5,"plugin",5,20
"gi_hd",0.5,"plugin",8,20
"gi_hd",0.5,"plugin",0,20
"gi_hd",0.5,"plugin",12,20
"gi_hd",0.5,"plugin",20,20
"gi_hd",0.5,"plugin",20,20
"gi_hd",0.5,"plugin",6,20
"gi_hd",0.5,"plugin",0,20
"gi_hd",0.5,"plugin",4,20
"gi_hd",0.5,"plugin",16,20
"gi_hd",0.5,"plugin",5,20
"gi_hd",0.5,"plugin",3,20
"gi_hd",0.5,"plugin",18,20
"gi_hd",0.5,"plugin",0,20
"gi_hd",0.5,"plugin",0,20
"gi_hd",0.5,"plugin",0,20
"gi_hd",0.5,"plugin",14,20
"gi_hd",0.5,"plugin",1,20
"gi_hd",0.5,"plugin",20,20
"gi_hd",0.5,"plugin",16,20
"gi_hd",0.5,"plugin",20,20
"gi_hd",0.5,"plugin",20,20
"gi_hd",0.5,"plugin",0,20
"gi_hd",0.5,"plugin",0,20
"gi_hd",0.5,"plugin",15,20
"gi_hd",0.5,"plugin",16,20
"gi_hd",0.5,"plugin",18,20
"gi_hd",0.5,"plugin",0,20
"gi_hd",0.5,"plugin",8,20
"gi_hd",0.5,"plugin",0,20
"gi_hd",0.5,"plugin",20,20
"gi_hd",0.5,"plugin",5,20
"gi_hd",0.5,"plugin",0,20
"gi_hd",0.5,"plugin",20,20
"gi_hd",0.5,"plugin",20,20
"gi_hd",0.5,"plugin",1,20
"gi_hd",0.5,"plugin",20,20
"gi_hd",0.5,"plugin",3,20
"gi_hd",0.5,"plugin",1,20
"gi_hd",0.5,"plugin",20,20
"gi_hd",0.5,"plugin",7,20
"gi_hd",0.5,"plugin",17,20
"gi_hd",0.5,"plugin",1,20
"gi_hd",0.5,"plugin",7,20
"gi_hd",0.5,"plugin",0,20
"gi_hd",0.5,"plugin",15,20
"gi_hd",0.5,"plugin",1,20
"gi_hd",0.5,"plugin",15,20
"gi_hd",0.5,"plugin",13,20
"gi_hd",0.5,"plugin",16,20
"gi_hd",0.5,"plugin",12,20
"gi_hd",0.5,"plugin",18,20
"gi_hd",0.5,"plugin",10,20
"gi_hd",0.5,"plugin",0,20
"gi_hd",0.5,"plugin",12,20
"gi_hd",0.5,"plugin",0,20
"gi_hd",0.5,"plugin",19,20
"gi_hd",0.5,"plugin",0,20
"gi_hd",0.5,"plugin",0,20
"gi_hd",0.5,"plugin",4,20
"gi_hd",0.5,"plugin",20,20
"gi_hd",0.5,"plugin",2,20
"gi_hd",0.5,"plugin",20,20
"gi_hd",0.5,"plugin",17,20
"gi_hd",0.5,"plugin",2,20
"gi_hd",0.5,"plugin",18,20
"gi_hd",0.5,"plugin",0,20
"gi_hd",0.5,"plugin",20,20
"gi_hd",0.5,"plugin",0,20
"gi_hd",0.5,"plugin",12,20
"gi_hd",0.5,"plugin",12,20
"gi_hd",0.5,"plugin",12,20
"gi_hd",0.5,"plugin",0,20
"gi_hd",0.5,"plugin",7,20
"gi_hd",0.5,"plugin",6,20
"gi_hd",0.5,"plugin",0,20
"gi_hd",0.5,"plugin",0,20
"gi_hd",0.5,"plugin",0,20
"gi_hd",0.5,"plugin",1,20
"gi_hd",0.5,"plugin",15,20
"gi_hd",0.5,"plugin",0,20
"gi_hd",0.5,"plugin",15,20
"gi_hd",0.5,"plugin",20,20
"gi_hd",0.5,"plugin",18,20
"gi_hd",0.5,"plugin",20,20
"gi_hd",0.5,"plugin",6,20
"gi_hd",0.5,"plugin",17,20
"gi_hd",0.5,"plugin",6,20
"gi_hd",0.5,"plugin",13,20
"gi_hd",0.5,"plugin",10,20
"gi_hd",0.5,"plugin",0,20
"gi_hd",0.5,"plugin",0,20
"gi_hd",0.5,"plugin",18,20
"gi_hd",0.5,"plugin",3,20
"gi_hd",0.5,"plugin",17,20
"gi_hd",0.5,"plugin",18,20
"gi_hd",0.5,"plugin",18,20
"gi_hd",0.5,"plugin",1,20
"gi_hd",0.5,"plugin",8,20
"gi_hd",0.5,"plugin",19,20
"gi_hd",0.5,"plugin",20,20
"gi_hd",0.5,"plugin",12,20
"gi_hd",0.5,"plugin",20,20
"gi_hd",0.5,"plugin",5,20
"gi_hd",0.5,"plugin",6,20
"gi_hd",0.5,"plugin",19,20
"gi_hd",0.5,"plugin",10,20
"gi_hd",0.5,"plugin",2,20
"gi_hd",0.5,"plugin",20,20
"gi_hd",0.5,"plugin",0,20
"gi_hd",0.5,"plugin",0,20
"gi_hd",0.5,"plugin",19,20
"gi_hd",0.5,"plugin",20,20
"gi_hd",0.5,"plugin",5,20
"gi_hd",0.5,"plugin",7,20
"gi_hd",0.5,"plugin",3,20
"gi_hd",0.5,"plugin",19,20
"gi_hd",0.5,"plugin",16,20
"gi_hd",0.5,"plugin",13,20
"gi_hd",0.5,"plugin",2,20
"gi_hd",0.5,"plugin",20,20
"gi_hd",0.5,"plugin",15,20
"gi_hd",0.5,"plugin",20,20
"gi_hd",0.5,"plugin",2,20
"gi_hd",0.5,"plugin",0,20
"gi_hd",0.5,"plugin",2,20
"gi_hd",0.5,"plugin",9,20
"gi_hd",0.5,"plugin",5,20
"gi_hd",0.5,"plugin",0,20
"gi_hd",0.5,"plugin",0,20
"gi_hd",0.5,"plugin",17,20
"gi_hd",0.5,"plugin",8,20
"gi_hd",0.5,"plugin",2,20
"gi_hd",0.5,"plugin",13,20
"gi_hd",0.5,"plugin",1,20
"gi_hd",0.5,"plugin",9,20
"gi_hd",0.5,"plugin",9,20
"gi_hd",0.5,"plugin",20,20
"gi_hd",0.5,"plugin",0,20
"gi_hd",0.5,"plugin",20,20
"gi_hd",0.5,"plugin",4,20
"gi_hd",0.5,"plugin",18,20
"gi_hd",0.5,"plugin",19,20
"gi_hd",0.5,"plugin",18,20
"gi_hd",0.5,"plugin",13,20
"gi_hd",0.5,"plugin",0,20
"gi_hd",0.5,"plugin",20,20
"gi_hd",0.5,"plugin",18,20
"gi_hd",0.5,"plugin",13,20
"gi_hd",0.5,"plugin",1,20
"gi_hd",0.5,"plugin",12,20
"gi_hd",0.5,"plugin",20,20
"gi_hd",0.5,"plugin",9,20
"gi_hd",0.5,"plugin",18,20
"gi_hd",0.5,"plugin",0,20
"gi_hd",0.5,"plugin",20,20
"gi_hd",0.5,"plugin",20,20
"gi_hd",0.5,"plugin",3,20
"gi_hd",0.5,"plugin",20,20
"gi_hd",0.5,"plugin",19,20
"gi_hd",0.5,"plugin",19,20
"gi_hd",0.5,"plugin",0,20
"gi_hd",0.5,"plugin",12,20
"gi_hd",0.5,"plugin",20,20
"gi_hd",0.5,"plugin",0,20
"gi_hd",0.5,"plugin",5,20
"gi_hd",0.5,"plugin",5,20
"gi_hd",0.5,"plugin",0,20
"gi_hd",0.5,"plugin",7,20
"gi_hd",0.5,"plugin",8,20
"gi_hd",0.5,"plugin",4,20
"gi_hd",0.5,"plugin",19,20
"gi_hd",0.5,"plugin",20,20
"gi_hd",0.5,"plugin",20,20
"gi_hd",0.5,"plugin",2,20
"gi_hd",0.5,"plugin",0,20
"gi_hd",0.5,"plugin",15,20
"gi_hd",0.5,"plugin",0,20
"gi_hd",0.5,"plugin",0,20
"gi_hd",0.5,"plugin",15,20
"gi_hd",0.5,"plugin",20,20
"gi_hd",0.5,"plugin",12,20
"gi_hd",0.5,"plugin",14,20
"gi_hd",0.5,"plugin",20,20
"gi_hd",0.5,"plugin",17,20
"gi_hd",0.5,"plugin",20,20
"gi_hd",0.5,"plugin",3,20
"gi_hd",0.5,"plugin",8,20
"gi_hd",0.5,"plugin",7,20
"gi_hd",0.5,"plugin",18,20
"gi_hd",0.5,"plugin",16,20
"gi_hd",0.5,"plugin",5,20
"gi_hd",0.5,"plugin",17,20
"gi_hd",0.5,"plugin",11,20
"gi_hd",0.5,"plugin",14,20
"gi_hd",0.5,"plugin",15,20
"gi_hd",0.5,"plugin",15,20
"gi_hd",0.5,"plugin",0,20
"gi_hd",0.5,"plugin",5,20
"gi_hd",0.5,"plugin",14,20
"gi_hd",0.5,"plugin",0,20
"gi_hd",0.5,"plugin",20,20
"gi_hd",0.5,"plugin",20,20
"gi_hd",0.5,"plugin",20,20
"gi_hd",0.5,"plugin",1,20
"gi_hd",0.5,"plugin",20,20
"gi_hd",0.5,"plugin",2,20
"gi_hd",0.5,"plugin",0,20
"gi_hd",0.5,"plugin",18,20
"gi_hd",0.5,"plugin",19,20
"gi_hd",0.5,"plugin",0,20
"gi_hd",0.5,"plugin",0,20
"gi_hd",0.5,"plugin",0,20
"gi_hd",0.5,"plugin",0,20
"gi_hd",0.5,"plugin",0,20
"gi_hd",0.5,"plugin",15,20
"gi_hd",0.5,"plugin",13,20
"gi_hd",0.5,"plugin",19,20
"gi_hd",0.5,"plugin",1,20
"gi_hd",0.5,"plugin",0,20
"gi_hd",0.5,"plugin",13,20
"gi_hd",0.5,"plugin",0,20
"gi_hd",0.5,"plugin",0,20
"gi_hd",0.5,"plugin",18,20
"gi_hd",0.5,"plugin",17,20
"gi_hd",0.5,"plugin",20,20
"gi_hd",0.5,"plugin",1,20
"gi_hd",0.5,"plugin",0,20
"gi_hd",0.5,"plugin",17,20
"gi_hd",0.5,"plugin",0,20
"gi_hd",0.5,"plugin",2,20
"gi_hd",0.5,"plugin",0,20
"gi_hd",0.5,"plugin",13,20
"gi_hd",0.5,"plugin",13,20
"gi_hd",0.5,"plugin",12,20
"gi_hd",0.5,"plugin",13,20
"gi_hd",0.5,"plugin",20,20
"gi_hd",0.5,"plugin",11,20
"gi_hd",0.5,"plugin",20,20
"gi_hd",0.5,"plugin",4,20
"gi_hd",0.5,"plugin",16,20
"gi_hd",0.5,"plugin",3,20
"gi_hd",0.5,"plugin",19,20
"gi_hd",0.5,"plugin",11,20
"gi_hd",0.5,"plugin",17,20
"gi_hd",0.5,"plugin",16,20
"gi_hd",0.5,"plugin",13,20
"gi_hd",0.5,"plugin",13,20
"gi_hd",0.5,"plugin",20,20
"gi_hd",0.5,"plugin",5,20
"gi_hd",0.5,"plugin",5,20
"gi_hd",0.5,"plugin",0,20
"gi_hd",0.5,"plugin",8,20
"gi_hd",0.5,"plugin",7,20
"gi_hd",0.5,"plugin",0,20
"gi_hd",0.5,"plugin",2,20
"gi_hd",0.5,"plugin",20,20
"gi_hd",0.5,"plugin",19,20
"gi_hd",0.5,"plugin",4,20
"gi_hd",0.5,"plugin",3,20
"gi_hd",0.5,"plugin",18,20
"gi_hd",0.5,"plugin",0,20
"gi_hd",0.5,"plugin",20,20
"gi_hd",0.5,"plugin",5,20
"gi_hd",0.5,"plugin",14,20
"gi_hd",0.5,"plugin",1,20
"gi_hd",0.5,"plugin",12,20
"gi_hd",0.5,"plugin",14,20
"gi_hd",0.5,"plugin",0,20
"gi_hd",0.5,"plugin",7,20
"gi_hd",0.5,"plugin",20,20
"gi_hd",0.5,"plugin",8,20
"gi_hd",0.5,"plugin",0,20
"gi_hd",0.5,"plugin",20,20
"gi_hd",0.5,"plugin",0,20
"gi_hd",0.5,"plugin",0,20
"gi_hd",0.5,"plugin",0,20
"gi_hd",0.5,"plugin",20,20
"gi_hd",0.5,"plugin",8,20
"gi_hd",0.5,"plugin",20,20
"gi_hd",0.5,"plugin",1,20
"gi_hd",0.5,"plugin",5,20
"gi_hd",0.5,"plugin",11,20
"gi_hd",0.5,"plugin",6,20
"gi_hd",0.5,"plugin",16,20
"gi_hd",0.5,"plugin",17,20
"gi_hd",0.5,"plugin",8,20
"gi_hd",0.5,"plugin",6,20
"gi_hd",0.5,"plugin",3,20
"gi_hd",0.5,"plugin",4,20
"gi_hd",0.5,"plugin",20,20
"gi_hd",0.5,"plugin",2,20
"gi_hd",0.5,"plugin",20,20
"gi_hd",0.5,"plugin",20,20
"gi_hd",0.5,"plugin",19,20
"gi_hd",0.5,"plugin",8,20
"gi_hd",0.5,"plugin",4,20
"gi_hd",0.5,"plugin",18,20
"gi_hd",0.5,"plugin",4,20
"gi_hd",0.5,"plugin",20,20
"gi_hd",0.5,"plugin",16,20
"gi_hd",0.5,"plugin",5,20
"gi_hd",0.5,"plugin",20,20
"gi_hd",0.5,"plugin",14,20
"gi_hd",0.5,"plugin",18,20
"gi_hd",0.5,"plugin",19,20
"gi_hd",0.5,"plugin",11,20
"gi_hd",0.5,"plugin",1,20
"gi_hd",0.5,"plugin",11,20
"gi_hd",0.5,"plugin",8,20
"gi_hd",0.5,"plugin",0,20
"gi_hd",0.5,"plugin",20,20
"gi_hd",0.5,"plugin",0,20
"gi_hd",0.5,"plugin",20,20
"gi_hd",0.5,"plugin",4,20
"gi_hd",0.5,"plugin",2,20
"gi_hd",0.5,"plugin",16,20
"gi_hd",0.5,"plugin",19,20
"gi_hd",0.5,"plugin",20,20
"gi_hd",0.5,"plugin",13,20
"gi_hd",0.5,"plugin",0,20
"gi_hd",0.5,"plugin",6,20
"gi_hd",0.5,"plugin",16,20
"gi_hd",0.5,"plugin",15,20
"gi_hd",0.5,"plugin",19,20
"gi_hd",0.5,"plugin",11,20
"gi_hd",0.5,"plugin",0,20
"gi_hd",0.5,"plugin",17,20
"gi_hd",0.5,"plugin",11,20
"gi_hd",0.5,"plugin",0,20
"gi_hd",0.5,"plugin",17,20
"gi_hd",0.5,"plugin",0,20
"gi_hd",0.5,"plugin",20,20
"gi_hd",0.5,"plugin",0,20
"gi_hd",0.5,"plugin",14,20
"gi_hd",0.5,"plugin",9,20
"gi_hd",0.5,"plugin",20,20
"gi_hd",0.5,"plugin",20,20
"gi_hd",0.5,"plugin",8,20
"gi_hd",0.5,"plugin",3,20
"gi_hd",0.5,"plugin",0,20
"gi_hd",0.5,"plugin",0,20
"gi_hd",0.5,"plugin",8,20
"gi_hd",0.5,"plugin",5,20
"gi_hd",0.5,"plugin",2,20
"gi_hd",0.5,"plugin",20,20
"gi_hd",0.5,"plugin",5,20
"gi_hd",0.5,"plugin",17,20
"gi_hd",0.5,"plugin",0,20
"gi_hd",0.5,"plugin",9,20
"gi_hd",0.5,"plugin",8,20
"gi_hd",0.5,"plugin",3,20
"gi_hd",0.5,"plugin",20,20
"gi_hd",0.5,"plugin",18,20
"gi_hd",0.5,"plugin",20,20
"gi_hd",0.5,"plugin",20,20
"gi_hd",0.5,"plugin",13,20
"gi_hd",0.5,"plugin",20,20
"gi_hd",0.5,"plugin",7,20
"gi_hd",0.5,"plugin",7,20
"gi_hd",0.5,"plugin",16,20
"gi_hd",0.5,"plugin",0,20
"gi_hd",0.5,"plugin",3,20
"gi_hd",0.5,"plugin",9,20
"gi_hd",0.5,"plugin",9,20
