"rep","variant","gamma_coverage","gamma_rmse","mean_bias","mean_post_sd","bias_over_sd","fdp","tpr","divergent","pooled_gi_coverage"
1,"base",1,0.286426896221185,0.0717908049669128,0.294930428720958,0.243416066895003,0.25,1,0,0.166666666666667
1,"flat_mu",1,0.303342656750581,0.0746701894779047,0.291601696058368,0.256069119237764,0.25,1,0,0.166666666666667
1,"flat_ridge",1,0.51923500190101,0.0748585177878587,0.41269331617715,0.181390186982639,0.25,1,0,0.166666666666667
1,"fullcov",0.333333333333333,0.76723916573363,-0.0872781990765924,0.280224164721259,0.311458503813933,0.5,0.666666666666667,0,0.166666666666667
2,"base",1,0.177642291918027,-0.040385901617018,0.108117502392751,0.373537130651713,0.4,1,0,0.833333333333333
2,"flat_mu",0.5,0.177036376364369,-0.0401452091153495,0.109180499944786,0.367695780250608,0.4,1,0,0.833333333333333
2,"flat_ridge",1,0.102601538835018,0.0230101662424564,0.120932514227013,0.190272784697604,0.25,1,0,0.833333333333333
2,"fullcov",0.666666666666667,0.16093227307542,-0.049451166468776,0.0933382140803324,0.529806220914141,0.25,1,0,0.833333333333333
3,"base",0.166666666666667,0.392322946754547,-0.0488336174870308,0.156987503461971,0.311066909213322,0.4,1,0,0.333333333333333
3,"flat_mu",0.166666666666667,0.387012930977693,-0.0459838217112051,0.15175164860764,0.303020244808662,0.5,1,0,0.333333333333333
3,"flat_ridge",0.333333333333333,0.413653212417285,0.0143359128336372,0.191324018585825,0.0749300215393828,0.4,1,0,0.333333333333333
3,"fullcov",0.333333333333333,0.393608962382388,-0.154278860697165,0.13891506263962,1.11059850361514,0.4,1,0,0.333333333333333
4,"base",0.333333333333333,0.406889368950142,-0.149993026896208,0.151372438765413,0.990887298371779,0.4,1,0,0.333333333333333
4,"flat_mu",0.5,0.411701388120568,-0.152846765250199,0.156094389541879,0.979194484175819,0.5,0.666666666666667,0,0.333333333333333
4,"flat_ridge",0.333333333333333,0.409756323075869,-0.168520671312139,0.1714527297544,0.982898735724641,0.5,0.666666666666667,0,0.333333333333333
4,"fullcov",0.5,0.424226480122413,-0.128764856901327,0.161257153973218,0.798506321913092,0.333333333333333,0.666666666666667,0,0.333333333333333
5,"base",1,0.107030387420968,0.0575016967064228,0.230591501725014,0.249366070632537,0,1,0,0.666666666666667
5,"flat_mu",1,0.0981753673670227,0.0591943909363276,0.234033160601865,0.252931639192057,0,1,0,0.666666666666667
5,"flat_ridge",1,0.104746652443486,0.0447849876684862,0.262270562781901,0.170758727908509,0,1,1,0.666666666666667
5,"fullcov",1,0.225118328100675,0.0138644123402826,0.190961763663189,0.072603080712724,0.25,1,0,0.666666666666667
6,"base",1,0.100348829681295,-0.0314836575729406,0.193952819097656,0.162326372565322,0,1,0,1
6,"flat_mu",1,0.0992292018753178,-0.0291141677200078,0.191486665663989,0.152042794306606,0,1,0,1
6,"flat_ridge",1,0.119283675888158,-0.0530205012024245,0.301619681916326,0.1757859462803,0,1,5,1
6,"fullcov",0.666666666666667,0.200921689353467,-0.0182891576041202,0.131197840291755,0.139401361817003,0.25,1,0,1
7,"base",0.5,0.349214478958642,0.147650306488538,0.10098707870046,1.46207127078591,0.25,1,0,0.166666666666667
7,"flat_mu",0.666666666666667,0.346536589244451,0.149518602478429,0.104739413689061,1.42752949641578,0.25,1,0,0.166666666666667
7,"flat_ridge",0.5,0.399638796955055,0.172833656859385,0.118038066403059,1.46421965494773,0.25,1,0,0.166666666666667
7,"fullcov",0.666666666666667,0.332528025379342,0.138386842026119,0.102205159383313,1.35401033432285,0.25,1,0,0.166666666666667
8,"base",0.833333333333333,0.176994421163173,0.0354588303869534,0.103574416949311,0.342351243013097,0,1,0,1
8,"flat_mu",0.833333333333333,0.171986897870345,0.0360605657973856,0.100995110695257,0.357052589468364,0,1,0,1
8,"flat_ridge",1,0.144141766661616,0.0325843578022899,0.114703388361699,0.284074936823489,0,1,0,1
8,"fullcov",0.833333333333333,0.145339454140575,0.0395469713735965,0.0911447674430208,0.433891845720264,0,1,0,1
9,"base",0.833333333333333,0.189104795204337,0.0363744241829375,0.112476366384685,0.32339615291742,0,1,0,0.666666666666667
9,"flat_mu",0.833333333333333,0.183664502405069,0.0354570668187119,0.113239738381756,0.313115054179816,0,1,0,0.666666666666667
9,"flat_ridge",1,0.181172335004649,0.0607780338047865,0.133125234821657,0.456547805427036,0,1,0,0.666666666666667
9,"fullcov",0.5,0.192480562268715,-0.00308148893543966,0.102098050473019,0.0301816628345317,0.25,1,0,0.666666666666667
10,"base",0.333333333333333,0.49308227990731,0.162272486050364,0.217958830146209,0.744509804633794,0.5,1,0,0
10,"flat_mu",0.5,0.492617435535555,0.16349450497199,0.22422942677013,0.729139378925487,0.5,1,0,0
10,"flat_ridge",0.166666666666667,0.718934975572023,0.177002136404145,0.229269499109484,0.77202653249406,0.5,1,0,0
10,"fullcov",0.5,0.482507427893711,0.154303966083867,0.225756680089667,0.683496789652381,0.5,1,0,0
11,"base",0.833333333333333,0.376704240604288,-0.135913773374641,0.284216335089043,0.478205354847252,0,0.666666666666667,0,1
11,"flat_mu",0.833333333333333,0.380215817528084,-0.14479130382199,0.285296067091835,0.507512442417873,0,0.666666666666667,0,1
11,"flat_ridge",1,0.166547187616141,-0.074986017546019,0.593139170393167,0.126422298996564,0,0.666666666666667,0,1
11,"fullcov",0.833333333333333,0.471818856360652,-0.170322822602567,0.262343684217165,0.649235460387817,0,0.666666666666667,0,1
12,"base",0.833333333333333,0.397115409885212,0.139483569836027,0.296280673900697,0.470781870446186,0.25,1,0,1
12,"flat_mu",1,0.370824026882364,0.13067449304065,0.303761017937139,0.430188488068908,0.25,1,0,1
12,"flat_ridge",1,0.609249527828627,0.142495505250434,0.553633377549725,0.257382432181187,0,0.333333333333333,0,1
12,"fullcov",0.833333333333333,0.300064280999884,0.191791520828691,0.217401184106142,0.882200902526146,0.4,1,0,1
13,"base",1,0.208496100034055,-0.131703283458559,0.137524882225396,0.957668760208093,0.4,1,0,1
13,"flat_mu",1,0.211776349777975,-0.133636580228363,0.139779814211376,0.956050635653848,0.25,1,0,1
13,"flat_ridge",1,0.144489147882087,-0.0947830734761595,0.186865174119374,0.507227063163785,0,1,0,1
13,"fullcov",0.333333333333333,0.190917943479066,-0.111919539301151,0.0837400827539466,1.33651097085734,0.5,1,0,1
14,"base",0.5,0.233553268728689,-0.0420608844541468,0.112287980794091,0.374580468512266,0.25,1,0,0.666666666666667
14,"flat_mu",0.5,0.232800001761872,-0.0394183461100691,0.11286946510333,0.349238353118644,0.25,1,0,0.666666666666667
14,"flat_ridge",0.5,0.231581293976783,-0.042185776076771,0.124066627767957,0.340025169021854,0.25,1,0,0.666666666666667
14,"fullcov",0.5,0.30260670751963,-0.0472121834155018,0.109407431707657,0.431526292854178,0.25,1,0,0.666666666666667
15,"base",0.833333333333333,0.160507141201058,-0.0777384839582362,0.139367183404872,0.557796190315477,0,1,0,0
15,"flat_mu",1,0.166363501520342,-0.0781694576864257,0.143344303136388,0.545326573683572,0,1,0,0
15,"flat_ridge",1,0.136430708624051,-0.0685493006024489,0.169491446120166,0.404441062788789,0,1,2,0
15,"fullcov",1,0.0543787713388268,-0.00410541912309655,0.0981926221249452,0.0418098532685338,0,1,0,0
16,"base",0.666666666666667,0.379112170553984,-0.0364324796813765,0.228687599882836,0.159311128806468,0.4,1,0,0.5
16,"flat_mu",0.833333333333333,0.373838947149941,-0.0339470362062325,0.233926628021739,0.14511830693801,0.25,1,0,0.5
16,"flat_ridge",1,0.582362006715502,-0.0091107937954595,0.588977162381786,0.0154688405211096,0,0.666666666666667,0,0.5
16,"fullcov",0.666666666666667,0.986571876581865,-0.670860454746484,0.782330307947832,0.857515614480347,0.5,0.333333333333333,15,0.5
17,"base",1,0.235163436694532,0.144676669240113,0.250193871886938,0.578258244892154,0.25,1,0,1
17,"flat_mu",1,0.24425729955852,0.155574483229772,0.253344665073643,0.614082333979872,0.25,1,0,1
17,"flat_ridge",0.5,0.571489501047672,0.371507219903842,0.297388805464852,1.24923068076868,0.4,1,0,1
17,"fullcov",1,0.21338909509694,0.119620032292352,0.200416191345458,0.596858125530199,0.25,1,0,1
18,"base",1,0.0826558496626651,-0.0260010214396086,0.276269483625942,0.0941147067651269,0,0.666666666666667,0,0.5
18,"flat_mu",1,0.0896683517953727,-0.0282566643796873,0.276742023460838,0.102104711190297,0,0.666666666666667,2,0.5
18,"flat_ridge",1,0.800398572700873,-0.445116264543027,0.396840244512782,1.12165101876075,0,0.666666666666667,1,0.5
18,"fullcov",1,0.211004206250489,0.0380715161805073,0.192117460955238,0.198167912438619,0.4,1,0,0.5
19,"base",1,0.122846199373299,0.0885031597422818,0.145282478953365,0.609179856923361,0,1,0,1
19,"flat_mu",1,0.119508248857448,0.0885298572230729,0.151408230732054,0.584709673939347,0,1,0,1
19,"flat_ridge",0.833333333333333,0.202733530784082,0.101217547140107,0.162869173153837,0.621465346572999,0,1,0,1
19,"fullcov",1,0.111555800328573,0.0600955663167967,0.142814049652022,0.420795898325301,0,1,0,1
20,"base",0.333333333333333,0.344403699653691,-0.139860740487019,0.10525770763061,1.32874583377632,0.25,1,0,0.833333333333333
20,"flat_mu",0.333333333333333,0.333537562233934,-0.136142449780985,0.105598174731222,1.28925002849251,0.25,1,0,0.833333333333333
20,"flat_ridge",0.333333333333333,0.359674403990918,-0.148340803849671,0.1109404104174,1.33712146269837,0.25,1,0,0.833333333333333
20,"fullcov",0.666666666666667,0.193234063320553,-0.0670366059254965,0.105015400794882,0.63835023642326,0.25,1,0,0.833333333333333
