"rep","model","gamma_coverage","gamma_rmse","tpr","fdp","pred_coverage","divergent","max_rhat","seconds"
1,"plugin",1,0.286426896221185,1,0.25,0.948,0,1.00758389206947,69.656928062439
1,"fullcov",0.333333333333333,0.76723916573363,0.666666666666667,0.5,0.898,0,1.00161374193167,191.878407001495
2,"plugin",1,0.177642291918027,1,0.4,0.944,0,1.00448567251492,92.7004261016846
2,"fullcov",0.666666666666667,0.16093227307542,1,0.25,0.938,0,1.0074229310478,209.520303249359
3,"plugin",0.166666666666667,0.392322946754547,1,0.4,0.91,0,1.00623472280035,97.0714628696442
3,"fullcov",0.333333333333333,0.393608962382388,1,0.4,0.908,0,1.00133749544312,226.502054214478
4,"plugin",0.333333333333333,0.406889368950142,1,0.4,0.924,0,1.00178274111737,77.3021087646484
4,"fullcov",0.5,0.424226480122413,0.666666666666667,0.333333333333333,0.918,0,1.00685891677167,204.039235830307
5,"plugin",1,0.107030387420968,1,0,0.956,0,1.00243287714782,170.272096157074
5,"fullcov",1,0.225118328100675,1,0.25,0.944,0,1.00384479240402,391.620346546173
6,"plugin",1,0.100348829681295,1,0,0.924,0,1.01192948746836,100.485464096069
6,"fullcov",0.666666666666667,0.200921689353467,1,0.25,0.9,0,1.01327424508012,238.62272644043
7,"plugin",0.5,0.349214478958642,1,0.25,0.924,0,1.00442612456572,221.574875831604
7,"fullcov",0.666666666666667,0.332528025379342,1,0.25,0.928,0,1.0082900039356,501.178122758865
8,"plugin",0.833333333333333,0.176994421163173,1,0,0.962,0,1.00379518594648,94.8595263957977
8,"fullcov",0.833333333333333,0.145339454140575,1,0,0.958,0,1.00203055628009,241.390974998474
9,"plugin",0.833333333333333,0.189104795204337,1,0,0.878,0,1.00398843408607,86.0776841640472
9,"fullcov",0.5,0.192480562268715,1,0.25,0.85,0,1.00243822725629,210.719923734665
10,"plugin",0.333333333333333,0.49308227990731,1,0.5,0.836,0,1.00981790846901,68.9817905426025
10,"fullcov",0.5,0.482507427893711,1,0.5,0.876,0,1.00361892434761,166.002005338669
11,"plugin",0.833333333333333,0.376704240604288,0.666666666666667,0,0.958,0,1.00814092438036,57.5418775081635
11,"fullcov",0.833333333333333,0.471818856360652,0.666666666666667,0,0.946,0,1.00093018895416,135.970341682434
12,"plugin",0.833333333333333,0.397115409885212,1,0.25,0.882,0,1.00189749017987,128.515809774399
12,"fullcov",0.833333333333333,0.300064280999884,1,0.4,0.948,0,1.0184611763076,307.57941699028
13,"plugin",1,0.208496100034055,1,0.4,0.962,0,1.00732195199651,131.99348115921
13,"fullcov",0.333333333333333,0.190917943479066,1,0.5,0.964,0,1.00424299696569,303.50363278389
14,"plugin",0.5,0.233553268728689,1,0.25,0.942,0,1.00420070153703,88.4028809070587
14,"fullcov",0.5,0.30260670751963,1,0.25,0.948,0,1.00574613525642,287.392926216125
15,"plugin",0.833333333333333,0.160507141201058,1,0,0.972,0,1.00744528861406,103.923737287521
15,"fullcov",1,0.0543787713388268,1,0,0.956,0,1.00553806054279,299.679141044617
16,"plugin",0.666666666666667,0.379112170553984,1,0.4,0.94,0,1.00720387396922,81.9465479850769
16,"fullcov",0.666666666666667,0.986571876581865,0.333333333333333,0.5,0.946,15,19024.8254199942,878.868894338608
17,"plugin",1,0.235163436694532,1,0.25,0.938,0,1.00486101040487,123.092539548874
17,"fullcov",1,0.21338909509694,1,0.25,0.946,0,1.00287194077874,225.961556196213
18,"plugin",1,0.0826558496626651,0.666666666666667,0,0.962,0,1.00162642271757,98.6559777259827
18,"fullcov",1,0.211004206250489,1,0.4,0.938,0,1.00630559866009,230.625274896622
19,"plugin",1,0.122846199373299,1,0,0.964,0,1.0047509776552,147.156956195831
19,"fullcov",1,0.111555800328573,1,0,0.952,0,1.00491634795616,307.204126834869
20,"plugin",0.333333333333333,0.344403699653691,1,0.25,0.898,0,0.999916903871767,91.494461774826
20,"fullcov",0.666666666666667,0.193234063320553,1,0.25,0.946,0,1.00509978729278,211.251700162888
