"task_id","scenario_id","label","rep_id","confounding","identifiability","n_e","p","s0","n_env","model","adapt_delta","ncp","alpha","q_fdr","k_norm","sigma_y_true","mu_min_sv","mu_condition","bgi_seconds","bgi_divergent","bgi_max_rhat","bgi_min_ess","cov_condition_max","cov_condition_target","cov_shrinkage_max","bgi_gamma_coverage","bgi_gamma_coverage_parents","bgi_gamma_coverage_nulls","bgi_gamma_rmse","ols_gamma_rmse","pooled_gi_gamma_rmse","iv_gamma_rmse","group_dro_gamma_rmse","vrex_gamma_rmse","wass_dro_gamma_rmse","anchor_g8_gamma_rmse","anchor_oracle_gamma_rmse","anchor_oracle_gamma_anchor","iv_pred_coverage","iv_pred_width","anchor_oracle_pred_coverage","anchor_oracle_pred_width","bgi_pred_coverage","bgi_pred_width","bgi_pred_rmse","ols_pred_coverage","ols_pred_width","pooled_gi_pred_coverage","pooled_gi_pred_width","bgi_pred_coverage","bgi_pred_width","bgi_pred_is","bgi_pred_rmse","ols_pred_coverage","ols_pred_width","ols_pred_is","ols_pred_rmse","pooled_gi_pred_coverage","pooled_gi_pred_width","pooled_gi_pred_is","pooled_gi_pred_rmse","iv_pred_coverage","iv_pred_width","iv_pred_is","iv_pred_rmse","anchor_g8_pred_coverage","anchor_g8_pred_width","anchor_g8_pred_is","anchor_g8_pred_rmse","anchor_oracle_pred_coverage","anchor_oracle_pred_width","anchor_oracle_pred_is","anchor_oracle_pred_rmse","group_dro_pred_coverage","group_dro_pred_width","group_dro_pred_is","group_dro_pred_rmse","vrex_pred_coverage","vrex_pred_width","vrex_pred_is","vrex_pred_rmse","wass_dro_pred_coverage","wass_dro_pred_width","wass_dro_pred_is","wass_dro_pred_rmse","n_selected","tp","fp","fn","tn","tpr","fpr","fdp","fwer","exact_recovery","jaccard","mcc","method","sign_error","posterior_esr"
26,3,"conf0_weak_n200",6,0,"weak",200,6,3,7,"gi_hd_slope",0.99,1,0.05,0.1,0,1,0.00347494299602152,697.369215235399,214.579200029373,5,1.00350975334149,1251.66502789573,17.9015443912279,7.39297597111584,1,1,1,1,0.263114031993681,0.0216970785915414,0.481355121021292,0.481355121013182,0.0461031414177927,0.0184844049012024,0.144137754287146,0.0255373283996979,0.0222948027025159,2,0.94,8.29077709614436,0.964,3.89823312233966,0.982,5.60175085977551,1.19176153577344,0.964,3.92641761084218,0.898,3.89220970949434,0.982,5.60175085977551,6.02066571594155,1.19176153577344,0.964,3.92641761084218,4.46523119796932,0.969991795689249,0.898,3.89220970949434,5.77990756995241,1.179014422929,0.94,8.29077709614436,10.9722097722549,2.24876172053182,0.964,3.90145675738711,4.45784124272025,0.972258588120429,0.964,3.89823312233966,4.46395954762802,0.971206404475067,0.956,3.93270413672065,4.43110754515944,0.988690994639916,0.964,3.89875403569414,4.44763520566487,0.970286984869778,0.944,4.01150968574469,5.05766171784514,1.07746505593675,3,3,0,0,3,1,0,0,0,1,1,1,"bgi_sign",0,0.018
26,3,"conf0_weak_n200",6,0,"weak",200,6,3,7,"gi_hd_slope",0.99,1,0.05,0.1,0,1,0.00347494299602152,697.369215235399,214.579200029373,5,1.00350975334149,1251.66502789573,17.9015443912279,7.39297597111584,1,1,1,1,0.263114031993681,0.0216970785915414,0.481355121021292,0.481355121013182,0.0461031414177927,0.0184844049012024,0.144137754287146,0.0255373283996979,0.0222948027025159,2,0.94,8.29077709614436,0.964,3.89823312233966,0.982,5.60175085977551,1.19176153577344,0.964,3.92641761084218,0.898,3.89220970949434,0.982,5.60175085977551,6.02066571594155,1.19176153577344,0.964,3.92641761084218,4.46523119796932,0.969991795689249,0.898,3.89220970949434,5.77990756995241,1.179014422929,0.94,8.29077709614436,10.9722097722549,2.24876172053182,0.964,3.90145675738711,4.45784124272025,0.972258588120429,0.964,3.89823312233966,4.46395954762802,0.971206404475067,0.956,3.93270413672065,4.43110754515944,0.988690994639916,0.964,3.89875403569414,4.44763520566487,0.970286984869778,0.944,4.01150968574469,5.05766171784514,1.07746505593675,2,2,0,1,3,0.666666666666667,0,0,0,0,0.666666666666667,0.707106781186548,"bgi_ci",0,0.005125
26,3,"conf0_weak_n200",6,0,"weak",200,6,3,7,"gi_hd_slope",0.99,1,0.05,0.1,0,1,0.00347494299602152,697.369215235399,214.579200029373,5,1.00350975334149,1251.66502789573,17.9015443912279,7.39297597111584,1,1,1,1,0.263114031993681,0.0216970785915414,0.481355121021292,0.481355121013182,0.0461031414177927,0.0184844049012024,0.144137754287146,0.0255373283996979,0.0222948027025159,2,0.94,8.29077709614436,0.964,3.89823312233966,0.982,5.60175085977551,1.19176153577344,0.964,3.92641761084218,0.898,3.89220970949434,0.982,5.60175085977551,6.02066571594155,1.19176153577344,0.964,3.92641761084218,4.46523119796932,0.969991795689249,0.898,3.89220970949434,5.77990756995241,1.179014422929,0.94,8.29077709614436,10.9722097722549,2.24876172053182,0.964,3.90145675738711,4.45784124272025,0.972258588120429,0.964,3.89823312233966,4.46395954762802,0.971206404475067,0.956,3.93270413672065,4.43110754515944,0.988690994639916,0.964,3.89875403569414,4.44763520566487,0.970286984869778,0.944,4.01150968574469,5.05766171784514,1.07746505593675,4,3,1,0,2,1,0.333333333333333,0.25,1,0,0.75,0.707106781186548,"bgi_fdr",0,0.060625
26,3,"conf0_weak_n200",6,0,"weak",200,6,3,7,"gi_hd_slope",0.99,1,0.05,0.1,0,1,0.00347494299602152,697.369215235399,214.579200029373,5,1.00350975334149,1251.66502789573,17.9015443912279,7.39297597111584,1,1,1,1,0.263114031993681,0.0216970785915414,0.481355121021292,0.481355121013182,0.0461031414177927,0.0184844049012024,0.144137754287146,0.0255373283996979,0.0222948027025159,2,0.94,8.29077709614436,0.964,3.89823312233966,0.982,5.60175085977551,1.19176153577344,0.964,3.92641761084218,0.898,3.89220970949434,0.982,5.60175085977551,6.02066571594155,1.19176153577344,0.964,3.92641761084218,4.46523119796932,0.969991795689249,0.898,3.89220970949434,5.77990756995241,1.179014422929,0.94,8.29077709614436,10.9722097722549,2.24876172053182,0.964,3.90145675738711,4.45784124272025,0.972258588120429,0.964,3.89823312233966,4.46395954762802,0.971206404475067,0.956,3.93270413672065,4.43110754515944,0.988690994639916,0.964,3.89875403569414,4.44763520566487,0.970286984869778,0.944,4.01150968574469,5.05766171784514,1.07746505593675,2,2,0,1,3,0.666666666666667,0,0,0,0,0.666666666666667,0.707106781186548,"bgi_rope",0,0.005125
26,3,"conf0_weak_n200",6,0,"weak",200,6,3,7,"gi_hd_slope",0.99,1,0.05,0.1,0,1,0.00347494299602152,697.369215235399,214.579200029373,5,1.00350975334149,1251.66502789573,17.9015443912279,7.39297597111584,1,1,1,1,0.263114031993681,0.0216970785915414,0.481355121021292,0.481355121013182,0.0461031414177927,0.0184844049012024,0.144137754287146,0.0255373283996979,0.0222948027025159,2,0.94,8.29077709614436,0.964,3.89823312233966,0.982,5.60175085977551,1.19176153577344,0.964,3.92641761084218,0.898,3.89220970949434,0.982,5.60175085977551,6.02066571594155,1.19176153577344,0.964,3.92641761084218,4.46523119796932,0.969991795689249,0.898,3.89220970949434,5.77990756995241,1.179014422929,0.94,8.29077709614436,10.9722097722549,2.24876172053182,0.964,3.90145675738711,4.45784124272025,0.972258588120429,0.964,3.89823312233966,4.46395954762802,0.971206404475067,0.956,3.93270413672065,4.43110754515944,0.988690994639916,0.964,3.89875403569414,4.44763520566487,0.970286984869778,0.944,4.01150968574469,5.05766171784514,1.07746505593675,3,3,0,0,3,1,0,0,0,1,1,1,"ols",0,NA
26,3,"conf0_weak_n200",6,0,"weak",200,6,3,7,"gi_hd_slope",0.99,1,0.05,0.1,0,1,0.00347494299602152,697.369215235399,214.579200029373,5,1.00350975334149,1251.66502789573,17.9015443912279,7.39297597111584,1,1,1,1,0.263114031993681,0.0216970785915414,0.481355121021292,0.481355121013182,0.0461031414177927,0.0184844049012024,0.144137754287146,0.0255373283996979,0.0222948027025159,2,0.94,8.29077709614436,0.964,3.89823312233966,0.982,5.60175085977551,1.19176153577344,0.964,3.92641761084218,0.898,3.89220970949434,0.982,5.60175085977551,6.02066571594155,1.19176153577344,0.964,3.92641761084218,4.46523119796932,0.969991795689249,0.898,3.89220970949434,5.77990756995241,1.179014422929,0.94,8.29077709614436,10.9722097722549,2.24876172053182,0.964,3.90145675738711,4.45784124272025,0.972258588120429,0.964,3.89823312233966,4.46395954762802,0.971206404475067,0.956,3.93270413672065,4.43110754515944,0.988690994639916,0.964,3.89875403569414,4.44763520566487,0.970286984869778,0.944,4.01150968574469,5.05766171784514,1.07746505593675,3,3,0,0,3,1,0,0,0,1,1,1,"ols_bh",0,NA
26,3,"conf0_weak_n200",6,0,"weak",200,6,3,7,"gi_hd_slope",0.99,1,0.05,0.1,0,1,0.00347494299602152,697.369215235399,214.579200029373,5,1.00350975334149,1251.66502789573,17.9015443912279,7.39297597111584,1,1,1,1,0.263114031993681,0.0216970785915414,0.481355121021292,0.481355121013182,0.0461031414177927,0.0184844049012024,0.144137754287146,0.0255373283996979,0.0222948027025159,2,0.94,8.29077709614436,0.964,3.89823312233966,0.982,5.60175085977551,1.19176153577344,0.964,3.92641761084218,0.898,3.89220970949434,0.982,5.60175085977551,6.02066571594155,1.19176153577344,0.964,3.92641761084218,4.46523119796932,0.969991795689249,0.898,3.89220970949434,5.77990756995241,1.179014422929,0.94,8.29077709614436,10.9722097722549,2.24876172053182,0.964,3.90145675738711,4.45784124272025,0.972258588120429,0.964,3.89823312233966,4.46395954762802,0.971206404475067,0.956,3.93270413672065,4.43110754515944,0.988690994639916,0.964,3.89875403569414,4.44763520566487,0.970286984869778,0.944,4.01150968574469,5.05766171784514,1.07746505593675,1,1,0,2,3,0.333333333333333,0,0,0,0,0.333333333333333,0.447213595499958,"pooled_gi",0,NA
26,3,"conf0_weak_n200",6,0,"weak",200,6,3,7,"gi_hd_slope",0.99,1,0.05,0.1,0,1,0.00347494299602152,697.369215235399,214.579200029373,5,1.00350975334149,1251.66502789573,17.9015443912279,7.39297597111584,1,1,1,1,0.263114031993681,0.0216970785915414,0.481355121021292,0.481355121013182,0.0461031414177927,0.0184844049012024,0.144137754287146,0.0255373283996979,0.0222948027025159,2,0.94,8.29077709614436,0.964,3.89823312233966,0.982,5.60175085977551,1.19176153577344,0.964,3.92641761084218,0.898,3.89220970949434,0.982,5.60175085977551,6.02066571594155,1.19176153577344,0.964,3.92641761084218,4.46523119796932,0.969991795689249,0.898,3.89220970949434,5.77990756995241,1.179014422929,0.94,8.29077709614436,10.9722097722549,2.24876172053182,0.964,3.90145675738711,4.45784124272025,0.972258588120429,0.964,3.89823312233966,4.46395954762802,0.971206404475067,0.956,3.93270413672065,4.43110754515944,0.988690994639916,0.964,3.89875403569414,4.44763520566487,0.970286984869778,0.944,4.01150968574469,5.05766171784514,1.07746505593675,1,1,0,2,3,0.333333333333333,0,0,0,0,0.333333333333333,0.447213595499958,"pooled_gi_bh",0,NA
26,3,"conf0_weak_n200",6,0,"weak",200,6,3,7,"gi_hd_slope",0.99,1,0.05,0.1,0,1,0.00347494299602152,697.369215235399,214.579200029373,5,1.00350975334149,1251.66502789573,17.9015443912279,7.39297597111584,1,1,1,1,0.263114031993681,0.0216970785915414,0.481355121021292,0.481355121013182,0.0461031414177927,0.0184844049012024,0.144137754287146,0.0255373283996979,0.0222948027025159,2,0.94,8.29077709614436,0.964,3.89823312233966,0.982,5.60175085977551,1.19176153577344,0.964,3.92641761084218,0.898,3.89220970949434,0.982,5.60175085977551,6.02066571594155,1.19176153577344,0.964,3.92641761084218,4.46523119796932,0.969991795689249,0.898,3.89220970949434,5.77990756995241,1.179014422929,0.94,8.29077709614436,10.9722097722549,2.24876172053182,0.964,3.90145675738711,4.45784124272025,0.972258588120429,0.964,3.89823312233966,4.46395954762802,0.971206404475067,0.956,3.93270413672065,4.43110754515944,0.988690994639916,0.964,3.89875403569414,4.44763520566487,0.970286984869778,0.944,4.01150968574469,5.05766171784514,1.07746505593675,0,0,0,3,3,0,0,0,0,0,0,0,"icp",NA,NA
26,3,"conf0_weak_n200",6,0,"weak",200,6,3,7,"gi_hd_slope",0.99,1,0.05,0.1,0,1,0.00347494299602152,697.369215235399,214.579200029373,5,1.00350975334149,1251.66502789573,17.9015443912279,7.39297597111584,1,1,1,1,0.263114031993681,0.0216970785915414,0.481355121021292,0.481355121013182,0.0461031414177927,0.0184844049012024,0.144137754287146,0.0255373283996979,0.0222948027025159,2,0.94,8.29077709614436,0.964,3.89823312233966,0.982,5.60175085977551,1.19176153577344,0.964,3.92641761084218,0.898,3.89220970949434,0.982,5.60175085977551,6.02066571594155,1.19176153577344,0.964,3.92641761084218,4.46523119796932,0.969991795689249,0.898,3.89220970949434,5.77990756995241,1.179014422929,0.94,8.29077709614436,10.9722097722549,2.24876172053182,0.964,3.90145675738711,4.45784124272025,0.972258588120429,0.964,3.89823312233966,4.46395954762802,0.971206404475067,0.956,3.93270413672065,4.43110754515944,0.988690994639916,0.964,3.89875403569414,4.44763520566487,0.970286984869778,0.944,4.01150968574469,5.05766171784514,1.07746505593675,1,1,0,2,3,0.333333333333333,0,0,0,0,0.333333333333333,0.447213595499958,"iv",0,NA
26,3,"conf0_weak_n200",6,0,"weak",200,6,3,7,"gi_hd_slope",0.99,1,0.05,0.1,0,1,0.00347494299602152,697.369215235399,214.579200029373,5,1.00350975334149,1251.66502789573,17.9015443912279,7.39297597111584,1,1,1,1,0.263114031993681,0.0216970785915414,0.481355121021292,0.481355121013182,0.0461031414177927,0.0184844049012024,0.144137754287146,0.0255373283996979,0.0222948027025159,2,0.94,8.29077709614436,0.964,3.89823312233966,0.982,5.60175085977551,1.19176153577344,0.964,3.92641761084218,0.898,3.89220970949434,0.982,5.60175085977551,6.02066571594155,1.19176153577344,0.964,3.92641761084218,4.46523119796932,0.969991795689249,0.898,3.89220970949434,5.77990756995241,1.179014422929,0.94,8.29077709614436,10.9722097722549,2.24876172053182,0.964,3.90145675738711,4.45784124272025,0.972258588120429,0.964,3.89823312233966,4.46395954762802,0.971206404475067,0.956,3.93270413672065,4.43110754515944,0.988690994639916,0.964,3.89875403569414,4.44763520566487,0.970286984869778,0.944,4.01150968574469,5.05766171784514,1.07746505593675,3,3,0,0,3,1,0,0,0,1,1,1,"anchor_g2",0,NA
26,3,"conf0_weak_n200",6,0,"weak",200,6,3,7,"gi_hd_slope",0.99,1,0.05,0.1,0,1,0.00347494299602152,697.369215235399,214.579200029373,5,1.00350975334149,1251.66502789573,17.9015443912279,7.39297597111584,1,1,1,1,0.263114031993681,0.0216970785915414,0.481355121021292,0.481355121013182,0.0461031414177927,0.0184844049012024,0.144137754287146,0.0255373283996979,0.0222948027025159,2,0.94,8.29077709614436,0.964,3.89823312233966,0.982,5.60175085977551,1.19176153577344,0.964,3.92641761084218,0.898,3.89220970949434,0.982,5.60175085977551,6.02066571594155,1.19176153577344,0.964,3.92641761084218,4.46523119796932,0.969991795689249,0.898,3.89220970949434,5.77990756995241,1.179014422929,0.94,8.29077709614436,10.9722097722549,2.24876172053182,0.964,3.90145675738711,4.45784124272025,0.972258588120429,0.964,3.89823312233966,4.46395954762802,0.971206404475067,0.956,3.93270413672065,4.43110754515944,0.988690994639916,0.964,3.89875403569414,4.44763520566487,0.970286984869778,0.944,4.01150968574469,5.05766171784514,1.07746505593675,4,3,1,0,2,1,0.333333333333333,0.25,1,0,0.75,0.707106781186548,"anchor_g8",0,NA
26,3,"conf0_weak_n200",6,0,"weak",200,6,3,7,"gi_hd_slope",0.99,1,0.05,0.1,0,1,0.00347494299602152,697.369215235399,214.579200029373,5,1.00350975334149,1251.66502789573,17.9015443912279,7.39297597111584,1,1,1,1,0.263114031993681,0.0216970785915414,0.481355121021292,0.481355121013182,0.0461031414177927,0.0184844049012024,0.144137754287146,0.0255373283996979,0.0222948027025159,2,0.94,8.29077709614436,0.964,3.89823312233966,0.982,5.60175085977551,1.19176153577344,0.964,3.92641761084218,0.898,3.89220970949434,0.982,5.60175085977551,6.02066571594155,1.19176153577344,0.964,3.92641761084218,4.46523119796932,0.969991795689249,0.898,3.89220970949434,5.77990756995241,1.179014422929,0.94,8.29077709614436,10.9722097722549,2.24876172053182,0.964,3.90145675738711,4.45784124272025,0.972258588120429,0.964,3.89823312233966,4.46395954762802,0.971206404475067,0.956,3.93270413672065,4.43110754515944,0.988690994639916,0.964,3.89875403569414,4.44763520566487,0.970286984869778,0.944,4.01150968574469,5.05766171784514,1.07746505593675,6,3,3,0,0,1,1,0.5,1,0,0.5,0,"anchor_g32",0,NA
26,3,"conf0_weak_n200",6,0,"weak",200,6,3,7,"gi_hd_slope",0.99,1,0.05,0.1,0,1,0.00347494299602152,697.369215235399,214.579200029373,5,1.00350975334149,1251.66502789573,17.9015443912279,7.39297597111584,1,1,1,1,0.263114031993681,0.0216970785915414,0.481355121021292,0.481355121013182,0.0461031414177927,0.0184844049012024,0.144137754287146,0.0255373283996979,0.0222948027025159,2,0.94,8.29077709614436,0.964,3.89823312233966,0.982,5.60175085977551,1.19176153577344,0.964,3.92641761084218,0.898,3.89220970949434,0.982,5.60175085977551,6.02066571594155,1.19176153577344,0.964,3.92641761084218,4.46523119796932,0.969991795689249,0.898,3.89220970949434,5.77990756995241,1.179014422929,0.94,8.29077709614436,10.9722097722549,2.24876172053182,0.964,3.90145675738711,4.45784124272025,0.972258588120429,0.964,3.89823312233966,4.46395954762802,0.971206404475067,0.956,3.93270413672065,4.43110754515944,0.988690994639916,0.964,3.89875403569414,4.44763520566487,0.970286984869778,0.944,4.01150968574469,5.05766171784514,1.07746505593675,3,3,0,0,3,1,0,0,0,1,1,1,"anchor_oracle",0,NA
26,3,"conf0_weak_n200",6,0,"weak",200,6,3,7,"gi_hd_slope",0.99,1,0.05,0.1,0,1,0.00347494299602152,697.369215235399,214.579200029373,5,1.00350975334149,1251.66502789573,17.9015443912279,7.39297597111584,1,1,1,1,0.263114031993681,0.0216970785915414,0.481355121021292,0.481355121013182,0.0461031414177927,0.0184844049012024,0.144137754287146,0.0255373283996979,0.0222948027025159,2,0.94,8.29077709614436,0.964,3.89823312233966,0.982,5.60175085977551,1.19176153577344,0.964,3.92641761084218,0.898,3.89220970949434,0.982,5.60175085977551,6.02066571594155,1.19176153577344,0.964,3.92641761084218,4.46523119796932,0.969991795689249,0.898,3.89220970949434,5.77990756995241,1.179014422929,0.94,8.29077709614436,10.9722097722549,2.24876172053182,0.964,3.90145675738711,4.45784124272025,0.972258588120429,0.964,3.89823312233966,4.46395954762802,0.971206404475067,0.956,3.93270413672065,4.43110754515944,0.988690994639916,0.964,3.89875403569414,4.44763520566487,0.970286984869778,0.944,4.01150968574469,5.05766171784514,1.07746505593675,5,3,2,0,1,1,0.666666666666667,0.4,1,0,0.6,0.447213595499958,"group_dro",0,NA
