"covariate","between_within"
"phys_activity",0.0280824276451623
"strengthmeets",0.0133708674740914
"smokelessdaily",0.00803242333984283
"smokingsmoker_daily",0.00776732832117324
"smokingformer",0.00774202602537308
"alcohol3to7",0.00768532086550342
"ecigyes",0.00535935787759388
"alcoholle1",0.00419433603481691
"alcohol1to3",0.0040364433727864
"alcohol7to14",0.00368721787318806
"smokelesssome_days",0.00333069069308565
"smokingsmoker_occasional",0.0016504608397954
"alcoholgt14",0.00156039683944378
