"target_env","n_train","n_target","n_train_env","p","between_df","coverage","mean_width","interval_score","rmse","n_selected","selected","S0_mean","sigma_cond_mean","sigma_y_mean","cov_condition_max","cov_condition_target","divergent","post_draws","max_rhat","min_ess","n_chains","runtime_sec","ols_coverage","ols_interval_score","ols_rmse","pooled_gi_coverage","pooled_gi_interval_score","pooled_gi_rmse","iv_coverage","iv_interval_score","iv_rmse"
"Alabama",292687,2000,51,13,37,0.9435,24.4603798781626,35.083337997411,6.55933485450128,12,"1|2|3|4|6|7|8|9|10|11|12|13",6.24790115002834,6.24325437102037,6.49125011039232,12.1523372572714,3.82033953353146,0,4000,1.00089728361556,2171.33153269818,4,1415.142,0.944,35.5212452035029,6.56575802489308,0.9275,36.6398056727649,6.98629145485407,0.959,54.5754793469852,11.3522812643836
"Alaska",291957,2000,51,13,37,0.9505,24.5020172282616,34.2210816322859,6.25922520369276,13,"1|2|3|4|5|6|7|8|9|10|11|12|13",6.25762069817545,6.24764753120709,6.50017322284959,12.1907115933566,3.21234378405398,2,4000,1.00228292335567,1715.70758815104,4,1166.856,0.9535,33.9958866957846,6.24302239918452,0.9405,34.8470561964439,6.55909975395594,0.956,57.9582949232988,12.398189896867
"Arizona",287412,2000,51,13,37,0.9535,24.4669630077044,33.8736593785703,6.14472790770441,13,"1|2|3|4|5|6|7|8|9|10|11|12|13",6.24959485635965,6.25264702007782,6.49248753667015,12.3827670982683,2.11205918033949,1,4000,1.00134392944163,2565.32507707881,4,983.515,0.954,33.6805810365457,6.13537645448433,0.953,34.3241895079597,6.18767768106207,0.958,53.9095071905894,11.3223433071132
"Arkansas",292151,2000,51,13,37,0.9435,24.4847620948305,35.0723020564594,6.6334383594711,13,"1|2|3|4|5|6|7|8|9|10|11|12|13",6.25407015748034,6.24076112599481,6.48612966776079,12.1166311586764,4.02378211735281,1,4000,1.00171981878282,2187.72558566239,4,1107.82,0.941,35.6801694774791,6.63429560197713,0.917,38.9738062272505,7.24870187227993,0.9565,53.9958084088391,11.3720822706238
"California",287990,2000,51,13,37,0.9595,24.4599892039846,33.1549824848068,6.09352206536379,13,"1|2|3|4|5|6|7|8|9|10|11|12|13",6.24717808510365,6.25505803998568,6.46394774911342,12.4742282004834,2.64449327544175,0,4000,1.00091435113641,2001.53473778586,4,1246.952,0.9605,32.9942690265539,6.10360663292391,0.952,34.7286357797972,6.43332071410572,0.9615,58.2997420988533,12.5177901484095
"Colorado",289572,2000,51,13,37,0.972,24.4611931391722,30.3970237492676,5.6433685072627,12,"1|2|3|4|6|7|8|9|10|11|12|13",6.24737150197238,6.2600340780924,6.46151379271392,12.365426167515,2.85698125503004,0,4000,1.00277813241168,2701.25795432905,4,1110.961,0.972,30.2378069277443,5.69677465614877,0.9675,30.954724501944,6.02583977340546,0.9615,52.3819478682626,11.5433118894529
"Connecticut",289681,2000,51,13,37,0.967,24.481118807035,30.5902707798526,5.62700342492996,12,"1|2|3|4|6|7|8|9|10|11|12|13",6.25324659292618,6.25562074819748,6.51498087453796,12.5293317508895,5.61063846855687,0,4000,1.00324386356,1786.61281047528,4,1081.581,0.968,30.6257726071955,5.62504535742384,0.9565,31.5429401194309,6.01669741457834,0.9575,55.8296278114073,12.0357237044728
"Delaware",292922,2000,51,13,37,0.957,24.4749149746292,33.2408274049641,6.17421642159982,13,"1|2|3|4|5|6|7|8|9|10|11|12|13",6.25176526618398,6.24595439844242,6.4887648332307,12.3472753472078,3.03504225096541,1,4000,1.00120526746489,2181.91460994202,4,1156.7,0.956,33.4518599421014,6.17406904844975,0.952,33.1607587706039,6.29937307913513,0.96,53.515764312874,11.714463386588
"District of Columbia",293564,2000,51,13,37,0.962,24.2660884916195,31.0477355431605,5.76620243198352,12,"1|2|3|4|6|7|8|9|10|11|12|13",6.19686292423011,6.25055438235552,6.49467838305059,6.28356518560054,12.2987630739376,0,4000,1.00188300926653,2292.61522063703,4,1236.891,0.966,30.2747003835408,5.79110748256286,0.935,37.7533994094773,6.8204034143485,0.9575,52.4860393754482,11.8398743608508
"Florida",286797,2000,51,13,37,0.9625,24.4985057116288,31.6640100642928,6.00826728688805,13,"1|2|3|4|5|6|7|8|9|10|11|12|13",6.25769127969366,6.25146094949001,6.50401690218334,12.250288393691,2.40413270652945,5,4000,1.00183852048229,1928.84059933812,4,1360.914,0.961,31.6839790138715,5.99365967270733,0.9575,32.536998744884,6.13472853294672,0.959,54.2113868827401,11.7002856466302
"Georgia",290340,2000,51,13,37,0.9405,24.4214462421918,35.5853550821165,6.53389200493231,13,"1|2|3|4|5|6|7|8|9|10|11|12|13",6.23903761731856,6.24499920041518,6.49068442661645,12.2574128429066,2.07542913671577,1,4000,1.0008667146419,2106.6819429932,4,1474.269,0.938,35.5917276377526,6.53233676881593,0.942,35.2259789400444,6.61773915989464,0.9545,56.4033219688656,11.8945857600898
"Guam",294609,1164,51,13,37,0.947594501718213,24.5006033531384,34.5799432548201,6.46139197787788,13,"1|2|3|4|5|6|7|8|9|10|11|12|13",6.25624069834003,6.24613992602839,6.49955432926082,12.2447107730789,5.34767019508042,6,4000,1.00227981009107,1744.31018747912,4,1114.839,0.945876288659794,34.9588066183264,6.45869588825794,0.90979381443299,37.3732888600901,7.281607076413,0.948453608247423,56.5418324066693,11.5241466446802
"Hawaii",289865,2000,51,13,37,0.9645,24.4330902160489,31.3837312557678,6.13396878132522,12,"1|2|3|5|6|7|8|9|10|11|12|13",6.23928387343945,6.25241904424938,6.43977346474927,12.3672439020461,3.04881660668057,2,4000,1.0014465180759,2400.0304365478,4,1584.149,0.966,31.2726173779839,6.15482341658049,0.957,32.1771450080997,6.27203249853858,0.962,51.8779752135349,11.0633766892552
"Idaho",291087,2000,51,13,37,0.949,24.4758213169279,34.7090987753135,6.27461451573234,13,"1|2|3|4|5|6|7|8|9|10|11|12|13",6.25186827751084,6.24854266750333,6.49792186889018,12.1285558673297,3.63653285105374,6,4000,1.00120360026362,2422.04966292099,4,1084.189,0.951,34.4126391781372,6.26851379780179,0.9415,35.5993550764908,6.56628610452313,0.9585,54.2174197605734,11.0314262206706
"Illinois",291986,2000,51,13,37,0.9495,24.4285230924294,33.248421861457,6.15442294607165,13,"1|2|3|4|5|6|7|8|9|10|11|12|13",6.23898677878672,6.24641325186338,6.49220159497352,12.3784483257011,2.25276862787196,0,4000,1.00076055507698,2823.18094991427,4,1220.259,0.949,33.1019088370282,6.15700145885141,0.949,33.2256445804423,6.20322016686685,0.9485,54.7414927937175,11.7880565864516
"Indiana",288254,2000,51,13,37,0.926,24.4030896195106,39.4329373854498,6.89386727764841,12,"1|2|3|4|6|7|8|9|10|11|12|13",6.23444667465821,6.23579075775599,6.48566727212953,12.2144302590395,2.32918422343531,1,4000,1.00053729430646,2782.34952719394,4,1249.728,0.928,39.2496838605024,6.88736239457949,0.93,38.635586480521,6.99267310033514,0.9425,57.3209143905698,12.1716745065307
"Iowa",289593,2000,51,13,37,0.932,24.4477535935658,39.7378708885505,6.8604578342447,13,"1|2|3|4|5|6|7|8|9|10|11|12|13",6.24458271143486,6.23667968135905,6.45686147623431,12.1875383003979,2.56445386431204,0,4000,1.00085125689727,2287.64919518894,4,970.808,0.9315,40.1102412259097,6.87518487515613,0.9295,39.1548239352535,6.90070610258342,0.946,56.5960752028866,11.933611725341
"Kansas",288799,2000,51,13,37,0.9415,24.4408554419549,35.6287317038166,6.56995739486502,13,"1|2|3|4|5|6|7|8|9|10|11|12|13",6.24088912856626,6.23987818411186,6.48039369495134,12.0906349316485,2.57718886833274,0,4000,1.00285232767697,2045.20831253476,4,1149.443,0.9415,35.8137167527109,6.57856515582956,0.9425,34.9602744357629,6.70855676742493,0.9515,56.3768325290964,12.2983021953433
"Louisiana",292067,2000,51,13,37,0.928,24.4777229777109,40.9050429770346,7.10187688868441,13,"1|2|3|4|5|6|7|8|9|10|11|12|13",6.25197700908961,6.23722757139892,6.46827933968713,12.1974725593463,3.11255828008229,1,4000,1.00131770692829,1901.84398529937,4,1451.659,0.9265,41.3983103731355,7.11737032771149,0.9185,41.9351586065619,7.37020610137935,0.944,57.8894613640527,11.9742491963218
"Maine",287245,2000,51,13,37,0.9565,24.5006941965176,32.7330943608067,6.0285253225229,13,"1|2|3|4|5|6|7|8|9|10|11|12|13",6.25972001947348,6.24861729420169,6.50230352126589,12.5505389469575,4.15511565344903,2,4000,1.00115687023101,2279.9977544395,4,1267.073,0.957,32.8314309077555,6.0211969406393,0.9385,34.8134265121517,6.62254024770056,0.968,53.7192363825744,11.3841205328844
"Maryland",284414,2000,51,13,37,0.959,24.4316816972564,31.7121285994536,5.93501767543404,13,"1|2|3|4|5|6|7|8|9|10|11|12|13",6.24138503106444,6.25268751744305,6.4964140335924,12.543044360372,2.84040243134622,1,4000,1.00217746731454,2169.91896975967,4,1337.863,0.9595,31.6677699798964,5.92910302898679,0.951,32.9360020936767,6.22455113072077,0.967,50.771815227658,11.0182619894538
"Massachusetts",289529,2000,51,13,37,0.9615,24.4276614802354,32.1104390051643,5.91845474701821,12,"1|2|3|4|6|7|8|9|10|11|12|13",6.23864629209476,6.25527590173037,6.48896564782993,12.5345753028385,7.68211844881767,0,4000,1.00200789395563,2692.57028903973,4,1309.361,0.961,31.9699915345831,5.93550439742657,0.954,33.2570399437297,6.14773782897941,0.964,51.3591263867545,11.0269889394373
"Michigan",288901,2000,51,13,37,0.953,24.4518977557491,34.0890226643026,6.2643942538254,13,"1|2|3|4|5|6|7|8|9|10|11|12|13",6.24461385722951,6.24530384655874,6.48782589724647,12.3783242617018,2.35158988591184,8,4000,1.00269930350523,2055.33519410214,4,968.38,0.9515,34.1477153582503,6.26319615702104,0.9485,34.9260477358435,6.38823101246,0.9555,53.6334657573067,11.6777492183506
"Minnesota",285057,2000,51,13,37,0.943,24.4122869383536,37.4193146654574,6.59753970983253,13,"1|2|3|4|5|6|7|8|9|10|11|12|13",6.235984021952,6.24650268849601,6.49391331107788,12.4109770324163,2.55623775236931,2,4000,1.0006817195843,2451.57231886714,4,955.758,0.9435,37.0329227821617,6.58544081699204,0.93,38.5795039153778,6.97095360969257,0.9575,55.3772949080511,12.2608739337218
"Mississippi",293220,2000,51,13,37,0.9295,24.4617396992553,40.6604296811786,7.12996950257324,13,"1|2|3|4|5|6|7|8|9|10|11|12|13",6.24741937573252,6.23822043150428,6.47157080166188,12.1343419081511,4.77014500261425,0,4000,1.00246561290458,2439.15715691476,4,1038.115,0.928,41.6275215194491,7.16075233346838,0.906,43.8152226858301,7.67433719389271,0.9465,57.2408099971669,11.7363135788448
"Missouri",291077,2000,51,13,37,0.9425,24.4936947625442,34.6995062445306,6.56219463336079,13,"1|2|3|4|5|6|7|8|9|10|11|12|13",6.2548691034148,6.23990770716632,6.49691119036587,12.1743565023168,2.58007242583778,1,4000,1.00177072489702,2517.38757025147,4,970.365,0.9435,35.2936878030646,6.56420675017602,0.9295,36.0836869618547,6.77800571859314,0.954,53.2855079380856,11.4616389883294
"Montana",290297,2000,51,13,37,0.9565,24.4757960691793,32.651780359996,5.87247066802896,13,"1|2|3|4|5|6|7|8|9|10|11|12|13",6.2513975103393,6.25098770246478,6.49927310384201,12.0712192246262,4.4073035487891,0,4000,1.00089176894271,1875.25815471669,4,1330.06,0.959,32.3553431987329,5.87067099145631,0.9575,32.4127879776612,6.04893194203517,0.956,52.4342997639066,11.131603292097
"Nebraska",286518,2000,51,13,37,0.9405,24.4630076534043,34.7335912987026,6.453767584855,13,"1|2|3|4|5|6|7|8|9|10|11|12|13",6.24727142291427,6.23788632546049,6.46937864896555,12.0415798621585,2.95625928956274,2,4000,1.00494412792095,1966.25426194384,4,1027.076,0.9425,34.8660933199087,6.45418015788416,0.9405,34.0625425035604,6.53202626557413,0.953,53.3555209049786,11.8227069434876
"Nevada",293987,1786,51,13,37,0.958566629339306,24.5187901492685,32.7557295052941,6.20218956300769,13,"1|2|3|4|5|6|7|8|9|10|11|12|13",6.26273086606351,6.24681158808151,6.49264979275297,12.2970241945396,2.1062665655269,1,4000,1.00286716039191,1571.70247587424,4,1241.226,0.958006718924972,32.8414318077491,6.19191174571834,0.957446808510638,33.0432653613568,6.27664055912653,0.963045912653975,52.4437958326111,11.4323746033237
"New Hampshire",290910,2000,51,13,37,0.963,24.5573963277168,30.9578835422753,5.75860219706844,13,"1|2|3|4|5|6|7|8|9|10|11|12|13",6.27323004309629,6.25429729414659,6.51058911158846,12.5055433647455,4.96020275741887,4,4000,1.00120879101827,2057.70960222692,4,1502.699,0.963,30.9418374499696,5.76764039162861,0.948,32.7803181055124,6.17970995059254,0.968,52.5786822223318,11.4848651148508
"New Jersey",289741,2000,51,13,37,0.9685,24.439306220643,29.8148588743847,5.62374127266136,12,"1|2|3|4|6|7|8|9|10|11|12|13",6.24251468417678,6.25734293997187,6.50079223440525,12.4708972108337,3.71867813329904,0,4000,1.00340356047424,2100.93390211772,4,1064.307,0.9675,29.8097455259932,5.63502224039864,0.9575,31.1125405372265,5.97748433099341,0.958,51.5466122431371,11.3099961465496
"New Mexico",293420,2000,51,13,37,0.9515,24.4777570163118,31.6434658729326,6.11665340918081,13,"1|2|3|4|5|6|7|8|9|10|11|12|13",6.25005279858597,6.24849947814551,6.49229207360478,12.2663614539615,2.25569546634933,116,4000,1.01307394130927,345.984292042013,4,1258.812,0.9515,31.6006471826567,6.1101796739299,0.9425,32.4444791677509,6.38584239554695,0.9625,54.1030052794464,11.2497421115928
"New York",284545,2000,51,13,37,0.9575,24.4511193767156,32.5739632924836,6.04540276581599,12,"1|2|3|4|6|7|8|9|10|11|12|13",6.2445882315407,6.25467758190968,6.51015414768161,12.6056110541266,2.70805570016057,1,4000,1.00251718428255,1697.42926545779,4,1253.027,0.9595,32.3839556718987,6.04696748486092,0.95,34.3710859939188,6.28037239107113,0.959,52.948905366513,11.3564934634476
"North Carolina",293106,2000,51,13,37,0.949,24.4699059941024,35.6009692241194,6.42143854733639,13,"1|2|3|4|5|6|7|8|9|10|11|12|13",6.24941928928948,6.24548066495637,6.49197376286003,12.2600997260072,2.43893765826915,1,4000,1.00361527079226,1680.92852053518,4,1011.457,0.948,35.6764859136783,6.41525340435731,0.945,36.3969025910642,6.50051923049788,0.955,54.1936817843093,11.7024061264336
"North Dakota",291971,2000,51,13,37,0.953,24.4846072916977,32.0237494126633,5.99736551874381,13,"1|2|3|4|5|6|7|8|9|10|11|12|13",6.2524684566232,6.24836545359052,6.48974055376815,12.2087432847659,2.93292612525376,10,4000,1.00232632210331,2712.94545052313,4,1503.21,0.953,31.9504851188433,5.99594046260489,0.944,32.5106232574998,6.23711162599267,0.952,55.1963041622849,12.4821695412212
"Ohio",286590,2000,51,13,37,0.939,24.4786753183924,36.0646175335149,6.58087848269996,13,"1|2|3|4|5|6|7|8|9|10|11|12|13",6.25206758493311,6.23670519543954,6.4615446917045,12.0925197070193,2.6700665975607,0,4000,1.00120537865143,2224.80541988417,4,1151.38,0.939,36.3297782783172,6.58281736490586,0.9375,35.6348091867585,6.66405656850537,0.949,55.6697622811069,11.9230600004346
"Oklahoma",291664,2000,51,13,37,0.9345,24.4434532434991,36.2346623643112,6.84452347620172,13,"1|2|3|4|5|6|7|8|9|10|11|12|13",6.24426749605989,6.23977165196148,6.48316618705339,12.0709014109052,3.18725875727376,1,4000,1.00078173300676,1973.75005698108,4,1071.316,0.9345,37.0245930922503,6.8521634099474,0.9165,38.445888946741,7.27887437607934,0.941,58.8561996107982,12.177117552613
"Oregon",291440,2000,51,13,37,0.9465,24.4289414428904,36.3518882422859,6.36653463473667,13,"1|2|3|4|5|6|7|8|9|10|11|12|13",6.23806145972083,6.24473950915738,6.50692487200782,12.31457271843,2.71263353113056,1,4000,1.00124382617257,2481.28162991245,4,1113.416,0.945,35.7940331304871,6.34843284188407,0.939,37.9892582012672,6.64813546921335,0.959,61.7684664931946,13.2870943362722
"Puerto Rico",292866,2000,51,13,37,0.902,23.3406679521398,34.7012275535025,7.31146288469908,11,"1|3|4|6|7|8|9|10|11|12|13",5.95558441075028,6.24079096203613,6.87920096817163,12.3063237779396,3.95923034834071,0,4000,1.00301145734345,1515.19796848956,4,1222.048,0.9475,33.582472192496,6.48452478250024,0.842,59.6051302231233,9.21236257715641,0.974,48.4433902040482,9.49736431517164
"Rhode Island",292000,2000,51,13,37,0.9615,24.5082334120129,31.5077252788208,5.75048336943373,12,"1|2|3|4|6|7|8|9|10|11|12|13",6.25787132864542,6.25133718053284,6.50426112213593,12.4340852563059,7.64217599176834,0,4000,1.00121364828002,2386.01036496194,4,1269.119,0.9605,31.4992583423471,5.74991381032297,0.956,32.2517804408237,6.05066058183739,0.9645,50.7178628510542,11.6227138537876
"South Carolina",289017,2000,51,13,37,0.9425,24.4472952824727,36.7426481522664,6.52024872228185,13,"1|2|3|4|5|6|7|8|9|10|11|12|13",6.2462374911819,6.24466929315926,6.49122941455777,12.329456275386,2.07021195321004,0,4000,1.00023691418934,2533.09334908864,4,1325.193,0.9405,36.6890601018124,6.51712141804586,0.9365,37.9731620626929,6.65105438474204,0.9615,53.3710555977759,11.1475026172299
"South Dakota",291648,2000,51,13,37,0.944,24.4480885707796,35.7621830070997,6.45132137583327,13,"1|2|3|4|5|6|7|8|9|10|11|12|13",6.24471886510493,6.2436049764446,6.48807085065819,12.1575537188933,3.32646381707107,2,4000,1.00277493527674,2084.08883546133,4,1217.779,0.945,35.7570908533,6.4517774712656,0.9415,35.4364205513889,6.56902462449826,0.957,55.2290389736177,11.8361374241667
"Tennessee",291912,2000,51,13,37,0.9475,24.4531946697624,34.5286090897292,6.43115598590022,13,"1|2|3|4|5|6|7|8|9|10|11|12|13",6.24476811434153,6.24247660142609,6.48557636245061,12.1041352323367,4.03971801669822,2,4000,1.00158335509143,2304.43503769949,4,1214.737,0.946,34.6533418694526,6.4241734037679,0.9285,36.8442057277377,6.90822108092225,0.9495,57.3744770816496,11.9558319755599
"Texas",289045,2000,51,13,37,0.941,24.4538203962638,36.3301045161624,6.69405643487289,13,"1|2|3|4|5|6|7|8|9|10|11|12|13",6.24446726874382,6.24114668190137,6.48354055074306,12.2183977428539,2.30410395586054,3,4000,1.00270214308152,1894.77747482495,4,1163.981,0.942,36.2696126442427,6.69482571112344,0.9405,36.6816372121463,6.73171297225088,0.9465,57.0837338744139,11.9868936026522
"Utah",287968,2000,51,13,37,0.955,24.0449674340433,31.6706055232057,6.01062257556802,12,"1|2|3|5|6|7|8|9|10|11|12|13",6.13861774694316,6.2531597544998,6.54053835895293,12.2029344548924,2.8920096563279,0,4000,1.00267656196532,1103.48746745641,4,1370.06,0.961,30.9330725069434,5.98730030095462,0.805,64.6978049508352,9.41694233399889,0.978,56.9442338626028,10.9461260702258
"Vermont",290274,2000,51,13,37,0.9645,24.4453809067039,31.00769761186,5.66037070675077,13,"1|2|3|4|5|6|7|8|9|10|11|12|13",6.2442644655303,6.2533143955738,6.50952787803647,12.5548959366325,3.42363929249558,1,4000,1.00079931147538,2639.16869773458,4,1743.111,0.966,30.7630325277024,5.66803137471549,0.949,32.3257714789141,6.10804408844428,0.9725,49.7319591409993,11.3807509517897
"Virgin Islands",294429,1344,51,13,37,0.948660714285714,24.2340061876545,32.1871516708003,6.13068440843689,12,"1|2|3|4|6|7|8|9|10|11|12|13",6.18700473651842,6.24714914423067,6.49511482881076,12.3200209113428,5.39262976033751,1,4000,1.00120638422466,2010.06155986188,4,986.059,0.953869047619048,32.1346738417156,6.16890267682851,0.904017857142857,57.6607776417158,8.82065280391872,0.97172619047619,53.5657185037463,10.9040848997305
"Virginia",290894,2000,51,13,37,0.948,24.4023458615141,34.3101571937649,6.24516796505752,13,"1|2|3|4|5|6|7|8|9|10|11|12|13",6.23303503476772,6.24600517424917,6.49291906894674,12.3123167490429,2.15579831763562,2,4000,1.00353239869995,2044.20073450492,4,1550.954,0.948,34.1741593021789,6.23651484818935,0.9455,34.7716776638944,6.36116558747423,0.967,52.9536239102134,11.1854930317707
"Washington",276785,2000,51,13,37,0.9575,24.3801169902025,31.1003611642088,5.8896056048034,12,"1|2|3|4|6|7|8|9|10|11|12|13",6.22663860605205,6.2656803174759,6.56195896623292,12.8044845171713,2.66509650932485,0,4000,1.00298860055,1666.23313112346,4,1427.225,0.9605,30.4634132588611,5.86799594068189,0.948,32.8994547214859,6.34507300350236,0.9545,53.7577662726402,11.4161109726672
"West Virginia",292611,2000,51,13,37,0.9275,24.4690548081283,38.8959311129081,7.01457981433701,13,"1|2|3|4|5|6|7|8|9|10|11|12|13",6.24720589089869,6.23854898595316,6.47392403707192,12.0870351486085,4.32758705507214,4,4000,1.00252333003241,1880.59007924736,4,1532.988,0.928,39.7433800889608,7.04217855776678,0.8945,42.9986845006911,7.80449335220922,0.9545,54.3746054695744,11.4991699120167
"Wisconsin",287379,2000,51,13,37,0.943,24.4551399559121,36.6564441324076,6.59466619257959,13,"1|2|3|4|5|6|7|8|9|10|11|12|13",6.24640982536262,6.23969224027674,6.45200137755995,12.3434468541328,2.64063467791032,0,4000,1.00171380435188,1769.1925295566,4,1042.253,0.9425,37.0677212733781,6.60384136980917,0.943,36.2240870735222,6.70039944865666,0.9515,56.0082363350808,12.1062984132586
"Wyoming",292630,2000,51,13,37,0.962,24.5753126864884,31.8453322741177,6.06585123370527,13,"1|2|3|4|5|6|7|8|9|10|11|12|13",6.27319133700867,6.25015870223645,6.500164279798,12.1417559961599,4.1514059633456,0,4000,1.0011714266144,2074.95678957399,4,1417.198,0.9595,31.9091213692785,6.05276131105502,0.9505,32.1990263275822,6.33383552523848,0.957,54.6123336098141,11.389388289942
