"target_env","n_train","n_target","ols_coverage","ols_interval_score","ols_rmse","pooled_gi_coverage","pooled_gi_interval_score","pooled_gi_rmse","iv_coverage","iv_interval_score","iv_rmse"
"Washington",276785,18988,0.959237413103012,31.8814703232993,5.95323920903773,0.949915736254477,33.6777217454206,6.27222950030198,0.946281862228776,60.6619033202485,12.7979621371849
"Maryland",284414,11359,0.954133286380843,32.853784172352,6.10453519891524,0.950435777797341,33.0323709122018,6.27685088641403,0.951492208821199,57.6791648475876,12.4108343985805
"New York",284545,11228,0.958051300320627,32.4102939337099,6.04809757080632,0.951549697185607,33.7858765136098,6.22217645991354,0.950837192732455,56.9032285405372,12.2283082109496
"Minnesota",285057,10716,0.952594251586413,34.4473198162461,6.24870444886017,0.9493281075028,34.796292802815,6.37641043855285,0.948581560283688,58.3146383265864,12.7421114979823
"Nebraska",286518,9255,0.941761210156672,36.0707815292858,6.52449617955225,0.941761210156672,35.3121089349658,6.5446841741291,0.946299297676931,57.5689416579387,12.3599505703995
"Ohio",286590,9183,0.93890885331591,36.1829678240231,6.56451628578506,0.938582162691931,35.8975758920855,6.63074355825341,0.947620603288686,57.2526682705228,12.3503467236033
"Florida",286797,8976,0.956885026737968,32.644492249075,6.09494681002707,0.952317290552585,33.1068969414091,6.16534604631702,0.957887700534759,55.5980000171498,11.9079799250583
"Maine",287245,8528,0.952274859287054,34.0751081110047,6.19325021688449,0.940900562851782,35.307510017929,6.48532511159013,0.960600375234522,54.4257962313166,11.8441563684354
"Wisconsin",287379,8394,0.940433643078389,35.775886501124,6.50442906053205,0.9393614486538,35.3430904416749,6.60463710687402,0.948772933047415,56.2283337919537,12.1978461543556
"Arizona",287412,8361,0.957301758162899,32.2858657365926,6.05418607552643,0.952278435593829,33.1026265617963,6.08782091123439,0.954790096878364,56.8621429376777,12.2118524191173
"Utah",287968,7805,0.959256886611147,31.3916918207604,6.00836750982335,0.839077514413837,52.3253346187703,8.59915731488254,0.972453555413197,56.2540906786166,10.9412777094579
"California",287990,7783,0.961839907490685,31.4241060302401,5.9574020255682,0.959270204291404,32.0970620911342,6.06637117131884,0.954773223692663,58.5491977594682,12.4410163020945
"Indiana",288254,7519,0.938156669769916,37.3338683217249,6.66160556037786,0.938555658997207,36.5800718125616,6.72173547489501,0.941880569224631,58.0947757667375,12.2569827009388
"Kansas",288799,6974,0.942644106681962,35.6643797624472,6.54256663539519,0.947519357613995,34.7236073926285,6.58524490920249,0.952251218812733,58.2261924108448,12.77365216671
"Michigan",288901,6872,0.94674039580908,34.5043985601862,6.31541046731244,0.948777648428405,34.3233953586422,6.3767909031573,0.94848661233993,56.6848729716032,12.1641953532278
"South Carolina",289017,6756,0.948638247483718,35.0578347978917,6.33690525798295,0.944197750148017,35.791392284285,6.46561910195156,0.958407341622262,54.0633525790607,11.4260789600253
"Texas",289045,6728,0.945154577883472,35.5154564886445,6.4843299767946,0.943222354340071,36.2043343948544,6.52620611766285,0.949316290130797,58.4195015453968,12.4055098928547
"Massachusetts",289529,6244,0.96252402306214,31.3718730724529,5.87104454942705,0.95003203074952,33.8814838283879,6.2446002997569,0.947469570787956,55.0224575690874,12.0090370192076
"Colorado",289572,6201,0.972907595549105,29.6708407339511,5.64283166991619,0.965328172875343,30.560853600632,5.86524597728096,0.946460248347041,56.6864622167031,12.2245247097974
"Iowa",289593,6180,0.93673139158576,37.9751469544404,6.72278749896,0.933495145631068,37.3002625910072,6.81563573853901,0.938511326860841,59.9737940365651,12.6182008660576
"Connecticut",289681,6092,0.964051214707814,31.6243733604035,5.82359006197786,0.953053184504268,33.1442291281894,6.2239659662612,0.949606040709127,56.5089593742433,12.3608498033969
"New Jersey",289741,6032,0.96816976127321,30.2636387736649,5.73164098939569,0.955736074270557,31.7450556789251,6.12957583421278,0.95159151193634,53.6500307654895,11.7591907564283
"Hawaii",289865,5908,0.967670954637779,30.6388364295901,6.00513940653327,0.958700067704807,31.6593384844133,6.26682953973351,0.957007447528775,58.917336160918,12.5484445833921
"Vermont",290274,5499,0.958719767230406,32.6663698171845,5.90347358590705,0.941262047645026,34.9667421065149,6.42058866067969,0.95599199854519,54.5523188104036,12.035168647553
"Montana",290297,5476,0.95891161431702,32.9491527265038,6.04089423668743,0.948502556610665,33.5773832530988,6.3087499825478,0.948137326515705,57.044885418022,12.0752968107322
"Georgia",290340,5433,0.94717467329284,34.7206114012344,6.34220935361631,0.946438431805632,34.7515376227189,6.42952730378881,0.952144303331493,57.133995770624,11.9335894994305
"Virginia",290894,4879,0.945685591309695,34.2752210135383,6.30487899254727,0.944250871080139,34.407451906248,6.34150289529561,0.957573273211724,55.5676455328798,11.7983375041702
"New Hampshire",290910,4863,0.965453423812461,30.8472502744953,5.78849546003986,0.946329426280074,33.5462771296966,6.27754285435149,0.959078757968332,54.9254751968787,11.9728850661771
"Missouri",291077,4696,0.940161839863714,36.9000854445056,6.66642916279187,0.926746166950596,37.3401643378495,6.9252448426626,0.943143100511073,57.9698022960404,12.0686123475616
"Idaho",291087,4686,0.953691848058045,33.5376631989477,6.1535381484291,0.944515578318395,35.4850875583973,6.47018417165509,0.959240290226206,56.5074500067269,11.5004453457394
"Oregon",291440,4333,0.948072928686822,36.0558926969267,6.39175377702628,0.938149088391415,38.8230013529341,6.77148979449306,0.945303484883453,64.5347599103135,13.7064675051854
"South Dakota",291648,4125,0.942545454545455,36.2122101201106,6.47330069560664,0.941090909090909,36.021782221919,6.56373275897103,0.955393939393939,56.4074053090798,12.3069971391454
"Oklahoma",291664,4109,0.938184473107812,36.4983119412963,6.74536302770919,0.928936480895595,37.3253360597137,7.09685309853685,0.942321732781699,59.4440995549997,12.4425477705736
"Tennessee",291912,3861,0.943019943019943,35.5359875828373,6.57279631660716,0.929292929292929,37.5459793504737,7.0323058565141,0.941983941983942,59.480137444534,12.3860414736796
"Alaska",291957,3816,0.95125786163522,33.4165485187854,6.17975495910038,0.945230607966457,33.50803296351,6.43024749481392,0.951519916142558,61.0089613017877,13.1770109810252
"North Dakota",291971,3802,0.947396107311941,33.1090937882715,6.11795929924169,0.939242503945292,33.9514857180473,6.37424060029763,0.943976854287217,60.2828380316591,13.0592743951764
"Illinois",291986,3787,0.947451808819646,34.7459851331501,6.3121656125476,0.944547134935305,34.6185157519639,6.38002622134037,0.943226828624241,57.8875669401781,12.3812576717516
"Rhode Island",292000,3773,0.956533262655712,32.3363653835935,5.90513619089712,0.948847071296051,33.8927122992072,6.24544511585953,0.953087728597933,55.5834925119036,12.3344823029428
"Louisiana",292067,3706,0.930922827846735,39.4471257144765,6.97361040300743,0.922827846735024,40.8433324517204,7.27006801746693,0.946573124662709,59.2943156275582,12.4253931753134
"Arkansas",292151,3622,0.939260077305356,36.8030680034605,6.7248839646692,0.919105466593042,39.8092231963512,7.35298519444534,0.951684152401988,57.5650705523045,11.8558884977218
"West Virginia",292611,3162,0.924731182795699,39.3598365992161,7.0060293823948,0.901960784313726,41.260906247451,7.64811733613918,0.951296647691335,57.1046934135203,11.9610348753101
"Wyoming",292630,3143,0.962456251988546,31.0446297787734,5.93346183675413,0.94750238625517,32.1525908478506,6.32871006316504,0.958320076360165,55.445621053903,11.7352024900926
"Alabama",292687,3086,0.942968243681141,35.3896913619551,6.58003150749222,0.932922877511342,36.2987996948761,6.94504168640955,0.951393389500972,58.173964431863,11.9666698652463
"Puerto Rico",292866,2907,0.944960440316478,33.7955559703414,6.56575719082346,0.800137598899209,81.038487950315,10.5787358333758,0.975576195390437,50.8144467458839,9.95495355572828
"Delaware",292922,2851,0.950192914766748,35.5757639230068,6.3529634810908,0.93931953700456,36.0508515844367,6.56872840414333,0.951245177130831,56.4762802932461,12.1724803317988
"North Carolina",293106,2667,0.948256467941507,35.118476765895,6.41680401386339,0.946381702287214,35.5540962146974,6.56890899420225,0.94188226471691,59.0355247696768,12.3030460175629
"Mississippi",293220,2553,0.924794359576968,41.8233743061524,7.21255020713356,0.902859381120251,44.6834705866436,7.74180843701705,0.943204073638856,59.8971833167843,12.1955635875702
"New Mexico",293420,2353,0.950276243093923,31.5342337476262,6.10456861803223,0.947726306842329,32.4740017285893,6.42100408671053,0.959201019974501,55.5411146366885,11.6089568002763
"District of Columbia",293564,2209,0.965595291987325,30.109571409035,5.75718108872496,0.934359438660027,39.8429108545015,7.26970717335529,0.942507922136713,57.7418339016966,12.461790757247
"Nevada",293987,1786,0.957446808510638,32.8866903333114,6.1961747423227,0.955207166853303,33.6441071453361,6.36966365365952,0.956326987681971,53.4020871118601,11.6277007123534
"Virgin Islands",294429,1344,0.953869047619048,32.05808611261,6.17270981844502,0.912946428571429,55.8261574862191,8.59871548982454,0.963541666666667,54.850519671089,11.1947564068686
"Guam",294609,1164,0.945876288659794,35.0318610442356,6.46554376762961,0.920962199312715,36.0275195097229,7.09561918295205,0.947594501718213,58.1726822658685,11.9574365848613
