"target_env","n_train","n_target","n_train_env","p","between_df","coverage","coverage_at_sigma_y","coverage_at_sigma_cond","interval_score_at_sigma_y","interval_score_at_sigma_cond","mean_width","interval_score","rmse","n_selected","selected","S0_mean","sigma_cond_mean","sigma_y_mean","cov_condition_max","cov_condition_target","divergent","post_draws","max_rhat","min_ess","n_chains","runtime_sec","ols_coverage","ols_interval_score","ols_rmse","pooled_gi_coverage","pooled_gi_interval_score","pooled_gi_rmse","iv_coverage","iv_interval_score","iv_rmse"
"Alabama",292687,2000,51,13,37,0.924,0.982,0.915,38.9968385882616,36.1896503759626,22.4215277500952,35.8413117192721,6.67408022811682,13,"1|2|3|4|5|6|7|8|9|10|11|12|13",5.72473969292795,5.58465859378406,9.05597218217231,12.1523372572714,3.82033953353146,0,4000,1.0072410750888,466.913454374003,4,2597.679,0.944,35.5212452035029,6.56575802489308,0.9275,36.6398056727649,6.98629145485407,0.959,54.5754793469852,11.3522812643836
"Alaska",291957,2000,51,13,37,0.951,0.984,0.935,38.8294210469263,34.5148151017123,24.4748452585778,34.3207889740757,6.28881731906546,13,"1|2|3|4|5|6|7|8|9|10|11|12|13",6.24866652991768,5.58956933927008,9.06323870975919,12.1907115933566,3.21234378405398,0,4000,1.01210841421429,416.833962506748,4,2650.356,0.9535,33.9958866957846,6.24302239918452,0.9405,34.8470561964439,6.55909975395594,0.956,57.9582949232988,12.398189896867
"Arizona",287412,2000,51,13,37,0.9515,0.984,0.9365,38.9806465710079,34.4623568907186,23.9799140764457,34.2055495323959,6.19007418886712,13,"1|2|3|4|5|6|7|8|9|10|11|12|13",6.12307744130685,5.58860713821102,9.02712254625625,12.3827670982683,2.11205918033949,0,4000,1.00913851511571,345.604841113183,4,2436.891,0.954,33.6805810365457,6.13537645448433,0.953,34.3241895079597,6.18767768106207,0.958,53.9095071905894,11.3223433071132
"Arkansas",292151,2000,51,13,37,0.917,0.981,0.9065,39.4071525788504,37.3686240618525,22.4152744892932,36.9159054425952,6.80072076913412,13,"1|2|3|4|5|6|7|8|9|10|11|12|13",5.71852155212502,5.58638123231961,9.03804737791234,12.1166311586764,4.02378211735281,0,4000,1.0052951011686,529.997115486241,4,2597.011,0.941,35.6801694774791,6.63429560197713,0.917,38.9738062272505,7.24870187227993,0.9565,53.9958084088391,11.3720822706238
"California",287990,2000,51,13,37,0.9605,0.986,0.945,38.8352212517708,33.4139156137683,25.0203828812641,33.5712028345927,6.15259390372334,12,"1|2|3|4|5|6|8|9|10|11|12|13",6.38788211641615,5.58798129947204,8.92587926817022,12.4742282004834,2.64449327544175,0,4000,1.00729392777847,571.007808655836,4,2612.988,0.9605,32.9942690265539,6.10360663292391,0.952,34.7286357797972,6.43332071410572,0.9615,58.2997420988533,12.5177901484095
"Colorado",289572,2000,51,13,37,0.9765,0.9915,0.9565,37.427058312936,29.5967313235485,26.1910974328104,31.093267772907,5.77235898516804,13,"1|2|3|4|5|6|7|8|9|10|11|12|13",6.68765799216048,5.65640215643452,8.95165812968428,12.365426167515,2.85698125503004,0,4000,1.00703180154841,353.68810508689,4,2603.426,0.972,30.2378069277443,5.69677465614877,0.9675,30.954724501944,6.02583977340546,0.9615,52.3819478682626,11.5433118894529
"Connecticut",289681,2000,51,13,37,0.968,0.9895,0.948,37.4514359622925,30.2633380716103,25.2745397591736,30.8725208340605,5.72323738304575,12,"1|2|3|4|5|6|8|9|10|11|12|13",6.44924793647079,5.58541399658898,9.01521904461898,12.5293317508895,5.61063846855687,0,4000,1.0210195401989,331.627214642405,4,2787.193,0.968,30.6257726071955,5.62504535742384,0.9565,31.5429401194309,6.01669741457834,0.9575,55.8296278114073,12.0357237044728
"Delaware",292922,2000,51,13,37,0.955,0.9825,0.9325,37.9185567376749,33.0122276965123,24.0264238853293,32.8907799007507,6.21829858178769,13,"1|2|3|4|5|6|7|8|9|10|11|12|13",6.13466018126012,5.58477026903954,9.04513208816508,12.3472753472078,3.03504225096541,0,4000,1.0090011448892,394.935537394498,4,2693.734,0.956,33.4518599421014,6.17406904844975,0.952,33.1607587706039,6.29937307913513,0.96,53.515764312874,11.714463386588
"District of Columbia",293564,2000,51,13,37,0.9565,0.99,0.939,38.678383292226,33.2876416649712,25.2097514488008,33.229175281248,6.0865640675503,13,"1|2|3|4|5|6|7|8|9|10|11|12|13",6.41963306782054,5.59956869643155,9.08539740870304,6.28356518560054,12.2987630739376,0,4000,1.00308767076775,470.504048818476,4,2344.63,0.966,30.2747003835408,5.79110748256286,0.935,37.7533994094773,6.8204034143485,0.9575,52.4860393754482,11.8398743608508
"Florida",286797,2000,51,13,37,0.9615,0.9885,0.946,38.240930474857,31.6489432906727,24.4977481438946,31.8817496977777,6.01246354214293,12,"1|2|3|4|5|6|8|9|10|11|12|13",6.25837537610403,5.58355452463332,9.01542091627259,12.250288393691,2.40413270652945,0,4000,1.00724202451918,353.975488649153,4,2752.048,0.961,31.6839790138715,5.99365967270733,0.9575,32.536998744884,6.13472853294672,0.959,54.2113868827401,11.7002856466302
"Georgia",290340,2000,51,13,37,0.936,0.983,0.922,39.6904166472558,36.881704261093,24.0989346087299,35.9043620779702,6.56950064575069,13,"1|2|3|4|5|6|7|8|9|10|11|12|13",6.15568018853818,5.5862555567519,9.0559120836179,12.2574128429066,2.07542913671577,0,4000,1.0069882489174,367.699487376897,4,2564.28,0.938,35.5917276377526,6.53233676881593,0.942,35.2259789400444,6.61773915989464,0.9545,56.4033219688656,11.8945857600898
"Guam",294609,1164,51,13,37,0.923539518900344,0.981958762886598,0.916666666666667,38.2689504469408,35.7176313678521,22.6712582038565,35.133033888258,6.56371412163195,13,"1|2|3|4|5|6|7|8|9|10|11|12|13",5.7790842528044,5.58619021046767,9.04918132301064,12.2447107730789,5.34767019508042,0,4000,1.00828809922654,616.593515461414,4,2336.229,0.945876288659794,34.9588066183264,6.45869588825794,0.90979381443299,37.3732888600901,7.281607076413,0.948453608247423,56.5418324066693,11.5241466446802
"Hawaii",289865,2000,51,13,37,0.9615,0.988,0.9435,37.0618206463964,31.3608212943,24.1314662628218,31.3405095622819,6.14130677095058,11,"1|2|3|4|6|8|9|10|11|12|13",6.16159824519467,5.58036512348949,8.73150073706665,12.3672439020461,3.04881660668057,0,4000,1.00440444874383,357.229708940698,4,2651.762,0.966,31.2726173779839,6.15482341658049,0.957,32.1771450080997,6.27203249853858,0.962,51.8779752135349,11.0633766892552
"Idaho",291087,2000,51,13,37,0.9485,0.983,0.9325,38.6812785482986,34.9935238190033,24.1868668211818,34.684982867554,6.31996048249883,13,"1|2|3|4|5|6|7|8|9|10|11|12|13",6.17790601093094,5.58453039270572,9.01519704326192,12.1285558673297,3.63653285105374,0,4000,1.00743341223564,585.490550020845,4,2222.607,0.951,34.4126391781372,6.26851379780179,0.9415,35.5993550764908,6.56628610452313,0.9585,54.2174197605734,11.0314262206706
"Illinois",291986,2000,51,13,37,0.953,0.9845,0.931,38.1209368725333,34.2582457717773,25.1464444013366,33.8091068304978,6.20446213630308,13,"1|2|3|4|5|6|7|8|9|10|11|12|13",6.42317303581682,5.58421767777105,9.04423405334961,12.3784483257011,2.25276862787196,0,4000,1.00455492848638,453.862471403398,4,2503.714,0.949,33.1019088370282,6.15700145885141,0.949,33.2256445804423,6.20322016686685,0.9485,54.7414927937175,11.7880565864516
"Indiana",288254,2000,51,13,37,0.929,0.9745,0.907,40.8909731938658,40.4906752810326,24.3929911847855,38.9797040723218,6.91195148776501,12,"1|2|3|4|5|6|8|9|10|11|12|13",6.22914335220047,5.58788735744475,8.96695751696713,12.2144302590395,2.32918422343531,0,4000,1.00317556605189,497.348999477395,4,2670.381,0.928,39.2496838605024,6.88736239457949,0.93,38.635586480521,6.99267310033514,0.9425,57.3209143905698,12.1716745065307
"Iowa",289593,2000,51,13,37,0.934,0.9745,0.915,41.2071237383255,40.7401566442831,24.7855683250837,39.3101995659635,6.86772721103851,12,"1|2|3|4|5|6|7|8|9|10|12|13",6.32930311001676,5.58588197652939,8.95287037997716,12.1875383003979,2.56445386431204,0,4000,1.00349053145489,652.851632165725,4,2680.608,0.9315,40.1102412259097,6.87518487515613,0.9295,39.1548239352535,6.90070610258342,0.946,56.5960752028866,11.933611725341
"Kansas",288799,2000,51,13,37,0.945,0.98,0.9225,38.3727990094294,36.0138768586359,24.7050232895599,35.1397403616875,6.60964829002032,13,"1|2|3|4|5|6|7|8|9|10|11|12|13",6.3099623338551,5.58936298663934,9.05982717966754,12.0906349316485,2.57718886833274,0,4000,1.00353242090203,348.509915362653,4,2610.224,0.9415,35.8137167527109,6.57856515582956,0.9425,34.9602744357629,6.70855676742493,0.9515,56.3768325290964,12.2983021953433
"Louisiana",292067,2000,51,13,37,0.921,0.973,0.899,41.7335848777657,42.6767608934255,23.7655295616033,41.2158022106624,7.1092499051213,13,"1|2|3|4|5|6|7|8|9|10|11|12|13",6.06724133719519,5.59333088968896,8.99106879848152,12.1974725593463,3.11255828008229,0,4000,1.0037019916444,402.063078298343,4,2619.996,0.9265,41.3983103731355,7.11737032771149,0.9185,41.9351586065619,7.37020610137935,0.944,57.8894613640527,11.9742491963218
"Maine",287245,2000,51,13,37,0.954,0.9885,0.939,38.0082428716893,32.368148254405,24.0261466226746,32.3852944880045,6.04035710983605,10,"1|2|3|4|5|6|8|10|12|13",6.13417299012279,5.58723706349902,9.08561368547379,12.5505389469575,4.15511565344903,0,4000,1.00479301880087,586.952688963776,4,2541.869,0.957,32.8314309077555,6.0211969406393,0.9385,34.8134265121517,6.62254024770056,0.968,53.7192363825744,11.3841205328844
"Maryland",284414,2000,51,13,37,0.9545,0.9875,0.9385,37.7178217040568,32.0672470463245,23.9200083260841,31.918202396968,5.98553655037008,12,"1|2|3|4|5|6|8|9|10|11|12|13",6.10520205688265,5.58261247790707,9.06547723423924,12.543044360372,2.84040243134622,0,4000,1.00573364635991,583.403635352651,4,2758.602,0.9595,31.6677699798964,5.92910302898679,0.951,32.9360020936767,6.22455113072077,0.967,50.771815227658,11.0182619894538
"Massachusetts",289529,2000,51,13,37,0.961,0.987,0.942,38.2434206006914,32.48565498699,24.9400702593036,32.6227795019182,5.97229303207967,12,"1|2|3|4|5|6|8|9|10|11|12|13",6.36486961477738,5.58636994225526,9.0258482128957,12.5345753028385,7.68211844881767,0,4000,1.01009436414708,482.75383618931,4,2357.015,0.961,31.9699915345831,5.93550439742657,0.954,33.2570399437297,6.14773782897941,0.964,51.3591263867545,11.0269889394373
"Michigan",288901,2000,51,13,37,0.95,0.9825,0.938,39.0366102774384,34.5685611275082,24.5885824870401,34.2602283930022,6.28555788445475,13,"1|2|3|4|5|6|7|8|9|10|11|12|13",6.28149636809467,5.58689485663615,9.04642336903086,12.3783242617018,2.35158988591184,0,4000,1.00589019236903,539.940752329334,4,2307.043,0.9515,34.1477153582503,6.26319615702104,0.9485,34.9260477358435,6.38823101246,0.9555,53.6334657573067,11.6777492183506
"Minnesota",285057,2000,51,13,37,0.948,0.9835,0.923,40.5140944616069,38.0487966592877,25.507085417079,36.9847379342966,6.66489699467501,12,"1|2|3|4|5|6|8|9|10|11|12|13",6.51280488183162,5.57821932241901,9.00232285894759,12.4109770324163,2.55623775236931,0,4000,1.01118782215616,290.47946178624,4,2193.443,0.9435,37.0329227821617,6.58544081699204,0.93,38.5795039153778,6.97095360969257,0.9575,55.3772949080511,12.2608739337218
"Mississippi",293220,2000,51,13,37,0.9145,0.9715,0.9005,42.065570672601,43.4500332646112,23.2188512003551,42.4666531573313,7.2750617959119,13,"1|2|3|4|5|6|7|8|9|10|11|12|13",5.92618255096078,5.59138089354171,8.99024524711297,12.1343419081511,4.77014500261425,0,4000,1.00823740877419,467.396535579972,4,2352.285,0.928,41.6275215194491,7.16075233346838,0.906,43.8152226858301,7.67433719389271,0.9465,57.2408099971669,11.7363135788448
"Missouri",291077,2000,51,13,37,0.934,0.9845,0.916,38.3871224428855,35.8619579527531,23.8012565794629,35.0387622725745,6.60365903480778,13,"1|2|3|4|5|6|7|8|9|10|11|12|13",6.07699662156608,5.5892491188152,9.03707920923263,12.1743565023168,2.58007242583778,0,4000,1.0133709859148,596.862813505228,4,2449.243,0.9435,35.2936878030646,6.56420675017602,0.9295,36.0836869618547,6.77800571859314,0.954,53.2855079380856,11.4616389883294
"Montana",290297,2000,51,13,37,0.9585,0.983,0.94,37.9577357367352,33.1415743918064,25.4693341800631,33.1522610646074,5.96332397489386,13,"1|2|3|4|5|6|7|8|9|10|11|12|13",6.50471255468019,5.5853370478608,9.03681963435172,12.0712192246262,4.4073035487891,0,4000,1.00677242607955,468.491457479072,4,2494.988,0.959,32.3553431987329,5.87067099145631,0.9575,32.4127879776612,6.04893194203517,0.956,52.4342997639066,11.131603292097
"Nebraska",286518,2000,51,13,37,0.942,0.983,0.9235,37.5011941951725,34.9461425564873,24.625767004997,34.0199210315072,6.44958623805406,12,"1|2|3|4|5|6|8|9|10|11|12|13",6.28893736960094,5.58300055548527,8.92545562903132,12.0415798621585,2.95625928956274,0,4000,1.01934563875073,421.689765331444,4,2462.76,0.9425,34.8660933199087,6.45418015788416,0.9405,34.0625425035604,6.53202626557413,0.953,53.3555209049786,11.8227069434876
"Nevada",293987,1786,51,13,37,0.961926091825308,0.986562150055991,0.936170212765957,39.0021324892083,33.158443037076,25.0972427482332,33.1786918388334,6.23037671704106,12,"1|2|3|4|5|6|8|9|10|11|12|13",6.40828326327225,5.5846716159609,9.02769733955076,12.2970241945396,2.1062665655269,0,4000,1.00442639045281,540.101036886319,4,2311.887,0.958006718924972,32.8414318077491,6.19191174571834,0.957446808510638,33.0432653613568,6.27664055912653,0.963045912653975,52.4437958326111,11.4323746033237
"New Hampshire",290910,2000,51,13,37,0.9655,0.99,0.9445,37.6068885222279,31.4500217271568,25.4009282340318,31.6630731877891,5.92948335633367,12,"1|2|3|4|5|6|8|9|10|11|12|13",6.47787495039421,5.58767737404612,9.03612036139396,12.5055433647455,4.96020275741887,0,4000,1.01241513529833,416.802553964002,4,2457.456,0.963,30.9418374499696,5.76764039162861,0.948,32.7803181055124,6.17970995059254,0.968,52.5786822223318,11.4848651148508
"New Jersey",289741,2000,51,13,37,0.9665,0.9915,0.952,36.1243016288834,29.3346677404054,24.9583218670309,29.8746606578971,5.68192729707117,12,"1|2|3|4|5|6|8|9|10|11|12|13",6.37220162831117,5.58354671539034,8.86793922253181,12.4708972108337,3.71867813329904,0,4000,1.06878647648017,56.1928170139445,4,3437.995,0.9675,29.8097455259932,5.63502224039864,0.9575,31.1125405372265,5.97748433099341,0.958,51.5466122431371,11.3099961465496
"New Mexico",293420,2000,51,13,37,0.94,0.991,0.9295,37.4283054146253,32.4028261278361,23.2465295095983,31.9330398046491,6.18237898984561,13,"1|2|3|4|5|6|7|8|9|10|11|12|13",5.93437980717902,5.58509184495435,9.02941524693627,12.2663614539615,2.25569546634933,0,4000,1.00559511816546,456.801492989276,4,2391.593,0.9515,31.6006471826567,6.1101796739299,0.9425,32.4444791677509,6.38584239554695,0.9625,54.1030052794464,11.2497421115928
"New York",284545,2000,51,13,37,0.9575,0.9845,0.933,38.1457297213443,33.3924221472117,25.2935167390042,33.1378531278729,6.07018458747826,12,"1|2|3|4|5|6|8|9|10|11|12|13",6.45956168668111,5.58656430217433,9.00198950735546,12.6056110541266,2.70805570016057,0,4000,1.01473467765008,301.801863196861,4,2496.537,0.9595,32.3839556718987,6.04696748486092,0.95,34.3710859939188,6.28037239107113,0.959,52.948905366513,11.3564934634476
"North Carolina",293106,2000,51,13,37,0.945,0.983,0.9275,39.6070778713495,35.7807400842951,24.1333284553898,35.2124172289834,6.4522648403238,13,"1|2|3|4|5|6|7|8|9|10|11|12|13",6.1597920329317,5.58984299527807,9.08930952008008,12.2600997260072,2.43893765826915,0,4000,1.01121535888515,437.16111085919,4,2880.249,0.948,35.6764859136783,6.41525340435731,0.945,36.3969025910642,6.50051923049788,0.955,54.1936817843093,11.7024061264336
"North Dakota",291971,2000,51,13,37,0.961,0.9885,0.932,36.9439053123284,31.7728934817046,25.6307460724087,31.6820837133567,6.02463891644567,12,"1|2|3|4|5|6|8|9|10|11|12|13",6.5486576592172,5.5812080863407,9.01528419731713,12.2087432847659,2.93292612525376,0,4000,1.00715093247431,594.245496878538,4,2429.659,0.953,31.9504851188433,5.99594046260489,0.944,32.5106232574998,6.23711162599267,0.952,55.1963041622849,12.4821695412212
"Ohio",286590,2000,51,13,37,0.9415,0.9795,0.918,39.4095409342678,36.8910982001497,24.5864200096613,35.8640322590331,6.56921507199636,12,"1|2|3|4|5|6|7|8|10|11|12|13",6.27867870345382,5.59330760645798,9.0703866472536,12.0925197070193,2.6700665975607,0,4000,1.00590231088,411.08875344802,4,2774.651,0.939,36.3297782783172,6.58281736490586,0.9375,35.6348091867585,6.66405656850537,0.949,55.6697622811069,11.9230600004346
"Oklahoma",291664,2000,51,13,37,0.907,0.9825,0.9015,39.2832236719071,37.7253797408579,22.3614205109624,37.3744402671586,7.04731555836783,13,"1|2|3|4|5|6|7|8|9|10|11|12|13",5.70291424841963,5.5856959253062,9.04842831500781,12.0709014109052,3.18725875727376,0,4000,1.00338779122086,579.51506761605,4,2305.273,0.9345,37.0245930922503,6.8521634099474,0.9165,38.445888946741,7.27887437607934,0.941,58.8561996107982,12.177117552613
"Oregon",291440,2000,51,13,37,0.9505,0.9825,0.927,39.4935521124427,36.749746009617,25.4397315486613,36.0245627283797,6.40883486364723,12,"1|2|3|4|5|6|8|9|10|11|12|13",6.4991698851698,5.57673429297249,8.98195147608822,12.31457271843,2.71263353113056,0,4000,1.00648652246805,256.037257782697,4,2656.921,0.945,35.7940331304871,6.34843284188407,0.939,37.9892582012672,6.64813546921335,0.959,61.7684664931946,13.2870943362722
"Puerto Rico",292866,2000,51,13,37,0.1065,0.9545,0.1055,42.1358806103949,231.612949081528,2.4883542734529,231.629135849278,8.64187062472318,9,"3|4|5|6|8|9|10|11|12",0.282365597070851,0.282365597070853,8.71928230520509,12.3063237779396,3.95923034834071,0,4000,1.00281688363706,935.104677693722,4,2294.693,0.9475,33.582472192496,6.48452478250024,0.842,59.6051302231233,9.21236257715641,0.974,48.4433902040482,9.49736431517164
"Rhode Island",292000,2000,51,13,37,0.963,0.988,0.9455,37.7689422832594,31.5057761879537,25.9179395467865,32.1188611951587,5.90757994007671,12,"1|2|3|4|5|6|8|9|10|11|12|13",6.61375842136853,5.58141053798173,9.03269651686279,12.4340852563059,7.64217599176834,0,4000,1.0205354020136,247.099634744739,4,2825.741,0.9605,31.4992583423471,5.74991381032297,0.956,32.2517804408237,6.05066058183739,0.9645,50.7178628510542,11.6227138537876
"South Carolina",289017,2000,51,13,37,0.936,0.978,0.9195,40.4072486982063,38.8771461161463,23.9935680010488,38.0508755537041,6.6062959546722,13,"1|2|3|4|5|6|7|8|9|10|11|12|13",6.12885445993969,5.5902654559974,9.06920968074364,12.329456275386,2.07021195321004,0,4000,1.00485984854945,384.813345828325,4,2610.416,0.9405,36.6890601018124,6.51712141804586,0.9365,37.9731620626929,6.65105438474204,0.9615,53.3710555977759,11.1475026172299
"South Dakota",291648,2000,51,13,37,0.9485,0.982,0.924,39.2086654641954,36.1960253088325,24.5641041902276,35.5683630206294,6.44531857609621,13,"1|2|3|4|5|6|7|8|9|10|11|12|13",6.2716059786072,5.58385533122492,9.03737574012757,12.1575537188933,3.32646381707107,0,4000,1.01495185654266,521.220348276632,4,2597.459,0.945,35.7570908533,6.4517774712656,0.9415,35.4364205513889,6.56902462449826,0.957,55.2290389736177,11.8361374241667
"Tennessee",291912,2000,51,13,37,0.9425,0.983,0.928,38.9924508840663,35.0822587553657,23.9145097456383,34.5227148539152,6.49932100169159,13,"1|2|3|4|5|6|7|8|9|10|11|12|13",6.10567859554089,5.58931105840596,9.07111765328414,12.1041352323367,4.03971801669822,0,4000,1.00879980068184,565.36706437584,4,2409.369,0.946,34.6533418694526,6.4241734037679,0.9285,36.8442057277377,6.90822108092225,0.9495,57.3744770816496,11.9558319755599
"Texas",289045,2000,51,13,37,0.9375,0.9805,0.9135,40.1527273506564,38.4141535384243,24.6196184519874,37.316905126037,6.75293124870107,12,"1|2|3|4|5|6|7|8|10|11|12|13",6.28929046665946,5.59151997707522,9.09051500616052,12.2183977428539,2.30410395586054,0,4000,1.01901155911715,271.281020589496,4,2648.705,0.942,36.2696126442427,6.69482571112344,0.9405,36.6816372121463,6.73171297225088,0.9465,57.0837338744139,11.9868936026522
"Utah",287968,2000,51,13,37,0.5785,0.984,0.577,41.9224233516348,90.8152396618536,9.62380989279689,90.8272112285711,7.23260295599502,11,"1|2|3|4|5|6|8|9|10|12|13",2.29280122215517,2.29280122215517,9.99342431156295,12.2029344548924,2.8920096563279,0,4000,1.01394124823465,312.722120774568,4,2762.254,0.961,30.9330725069434,5.98730030095462,0.805,64.6978049508352,9.41694233399889,0.978,56.9442338626028,10.9461260702258
"Vermont",290274,2000,51,13,37,0.9655,0.988,0.944,37.1018750687683,30.8866164546794,25.6410919469774,31.324910118202,5.78662961810352,13,"1|2|3|4|5|6|7|8|9|10|11|12|13",6.53969549338401,5.58975874186149,9.06924885527962,12.5548959366325,3.42363929249558,0,4000,1.01434155374931,392.506273661461,4,2563.452,0.966,30.7630325277024,5.66803137471549,0.949,32.3257714789141,6.10804408844428,0.9725,49.7319591409993,11.3807509517897
"Virgin Islands",294429,1344,51,13,37,0.858630952380952,0.985119047619048,0.857886904761905,38.0414912059548,39.6726791876305,18.2681360379656,39.6522173423227,6.55410601827477,12,"1|2|3|4|5|6|8|9|10|11|12|13",4.62559632933687,4.62559632933687,9.10083732282425,12.3200209113428,5.39262976033751,0,4000,1.00877345985166,546.596525284313,4,2115.097,0.953869047619048,32.1346738417156,6.16890267682851,0.904017857142857,57.6607776417158,8.82065280391872,0.97172619047619,53.5657185037463,10.9040848997305
"Virginia",290894,2000,51,13,37,0.937,0.9845,0.9245,39.0007069465696,35.6211353189522,23.188622642791,35.1315016653205,6.34417046291886,13,"1|2|3|4|5|6|7|8|9|10|11|12|13",5.92319238482955,5.58405275041104,9.0425254950377,12.3123167490429,2.15579831763562,0,4000,1.00813449462615,551.89190959991,4,2624.693,0.948,34.1741593021789,6.23651484818935,0.9455,34.7716776638944,6.36116558747423,0.967,52.9536239102134,11.1854930317707
"Washington",276785,2000,51,13,37,0.9645,0.9865,0.936,36.6211267069845,31.1837653445648,26.0169748918571,31.366032000236,5.98495643130252,13,"1|2|3|4|5|6|7|8|9|10|11|12|13",6.64392084684738,5.58748393203273,9.01318784896802,12.8044845171713,2.66509650932485,0,4000,1.00775781689295,473.471334944311,4,2245.217,0.9605,30.4634132588611,5.86799594068189,0.948,32.8994547214859,6.34507300350236,0.9545,53.7577662726402,11.4161109726672
"West Virginia",292611,2000,51,13,37,0.8945,0.982,0.896,40.5712567614174,40.4966318103362,21.6409663269394,40.6124336038041,7.21560212089443,13,"1|2|3|4|5|6|7|8|9|10|11|12|13",5.52183956633347,5.51810382864557,9.05386700265865,12.0870351486085,4.32758705507214,0,4000,1.00532065193715,553.589818538452,4,2472.516,0.928,39.7433800889608,7.04217855776678,0.8945,42.9986845006911,7.80449335220922,0.9545,54.3746054695744,11.4991699120167
"Wisconsin",287379,2000,51,13,37,0.952,0.9795,0.924,39.8492944421589,36.8237273700864,25.4076371885914,36.2366309751791,6.64196821259551,13,"1|2|3|4|5|6|7|8|9|10|11|12|13",6.48890896715418,5.58543265950714,8.99615984281496,12.3434468541328,2.64063467791032,0,4000,1.01184810797724,524.463850359002,4,2241.806,0.9425,37.0677212733781,6.60384136980917,0.943,36.2240870735222,6.70039944865666,0.9515,56.0082363350808,12.1062984132586
"Wyoming",292630,2000,51,13,37,0.9625,0.987,0.936,37.9255447080259,31.9618756341854,24.9678597422918,31.9355922549715,6.09128122719618,12,"1|2|3|4|5|6|8|9|10|11|12|13",6.374461813158,5.58424478262129,8.97984912535921,12.1417559961599,4.1514059633456,0,4000,1.00420694964371,579.019352645464,4,2589.811,0.9595,31.9091213692785,6.05276131105502,0.9505,32.1990263275822,6.33383552523848,0.957,54.6123336098141,11.389388289942
