"covariate","mean","q025","q975","p_positive","lfsr","declared"
"smokingsmoker_daily",6.42542110512696,2.98909780661729,9.71974339950265,1,0,"+"
"smokingsmoker_occasional",5.16762553352372,-0.389496294634037,10.6819016436621,0.966375,0.033625,"+"
"smokingformer",8.62311725530417,5.50708752159225,11.6078623779569,1,0,"+"
"alcoholle1",7.3008414575635,3.32804530148739,10.8893270548764,0.999625,0.000375,"+"
"alcohol1to3",-5.12008325274946,-9.87871880244325,0.835754296843149,0.043125,0.043125,"-"
"alcohol3to7",-3.45774082040234,-9.0690169625574,2.70460538544064,0.127875,0.127875,"abstain"
"alcohol7to14",-4.57484969868214,-13.0639462093743,5.19698132392586,0.17025,0.17025,"abstain"
"alcoholgt14",17.2906361801586,4.07684475425263,25.1083594598424,0.980875,0.019125,"+"
"phys_activity",-1.23617090976289,-2.52723000550816,-0.0292704124672732,0.022,0.022,"-"
"strengthmeets",-3.7149396971093,-7.3328323330997,0.333868898351926,0.035,0.035,"-"
"ecigyes",0.335244683147547,-5.21167559909855,5.98608806642999,0.543875,0.456125,"abstain"
"smokelessdaily",9.15145816509802,4.22478203513784,13.4056063063764,0.99925,0.00075,"+"
"smokelesssome_days",4.47103606315786,-3.3695020303075,11.9105370634912,0.867125,0.132875,"abstain"
